INSERT INTO People (PersonID, FirstName, LastName, Email, PhoneNumber, StreetAddress, City, State, ZipCode) VALUES
(201, 'William', 'Vaughn', 'william.vaughn4006@gmail.com', '(567) 741-7160', '94887 Oconnor Valley', 'East Andrea', 'TN', '36423'),
(202, 'Jaime', 'Barker', 'jaime.barker9895@gmail.com', '(569) 221-5417', '73777 Garza Island Apt. 220', 'South Rebeccaville', 'OK', '11170'),
(203, 'Brandi', 'Arnold', 'brandi.arnold5748@gmail.com', '(929) 979-7074', '60827 Andrew Club Apt. 243', 'Brittanymouth', 'VT', '66420'),
(204, 'David', 'Sanchez', 'david.sanchez9284@gmail.com', '(604) 255-6049', '51422 Stuart Islands', 'South William', 'MS', '16225'),
(205, 'Denise', 'Lowery', 'denise.lowery4670@gmail.com', '(352) 706-8651', '999 Christopher Lake', 'Jacksonstad', 'MS', '85633'),
(206, 'Cindy', 'Weaver', 'cindy.weaver1107@gmail.com', '(257) 320-1489', '176 Robert Cape Suite 415', 'Zacharyberg', 'TN', '65292'),
(207, 'Joseph', 'Dean', 'joseph.dean9174@gmail.com', '(407) 874-3758', '1654 Blackburn Curve', 'Coxbury', 'IL', '36533'),
(208, 'Michael', 'Chung', 'michael.chung8725@gmail.com', '(872) 514-1646', '70443 Goodman Meadows', 'New Adam', 'HI', '35939'),
(209, 'Rachel', 'Shaffer', 'rachel.shaffer4248@gmail.com', '(750) 752-7348', '58872 Erika Loaf Apt. 507', 'West Michelle', 'LA', '22108'),
(210, 'Wendy', 'Reynolds', 'wendy.reynolds8589@gmail.com', '(685) 425-4372', '195 Barnes Causeway', 'Lopezland', 'IL', '35014'),
(211, 'Benjamin', 'Coleman', 'benjamin.coleman2313@gmail.com', '(497) 377-9316', '85608 Mccall Courts', 'Marialand', 'AL', '96934'),
(212, 'Rebecca', 'Torres', 'rebecca.torres5812@gmail.com', '(855) 370-3779', '72797 Green Via Suite 722', 'East Stevenburgh', 'IA', '30881'),
(213, 'Lisa', 'Leonard', 'lisa.leonard4508@gmail.com', '(483) 338-3754', '904 Gibson Skyway Suite 921', 'Douglaston', 'DE', '21776'),
(214, 'Cory', 'Mathis', 'cory.mathis7995@gmail.com', '(212) 226-3669', '5135 John View', 'Lake Johnnyfort', 'SC', '57846'),
(215, 'Marcus', 'Mcintosh', 'marcus.mcintosh3086@gmail.com', '(835) 725-2073', '43326 Lindsay Greens Suite 728', 'Hicksshire', 'RI', '45097'),
(216, 'Maria', 'Thomas', 'maria.thomas5311@gmail.com', '(631) 989-8926', '583 Carrie Camp Apt. 439', 'Philipside', 'NE', '99863'),
(217, 'Jason', 'Holmes', 'jason.holmes8141@gmail.com', '(484) 620-3004', '43745 Miller Pike Apt. 330', 'West Kevinville', 'OR', '44310'),
(218, 'Tamara', 'Tyler', 'tamara.tyler4671@gmail.com', '(274) 770-6780', '73525 Howard Lock Apt. 305', 'Port Caitlin', 'NC', '71840'),
(219, 'Danielle', 'Payne', 'danielle.payne7671@gmail.com', '(321) 590-3197', '983 Lyons Turnpike', 'Kathleenfurt', 'IL', '01747'),
(220, 'Lisa', 'Phillips', 'lisa.phillips3216@gmail.com', '(561) 300-4959', '48353 Jacqueline Lakes Suite 517', 'West Sharonchester', 'ND', '98566'),
(221, 'Melissa', 'Lawson', 'melissa.lawson7418@gmail.com', '(590) 805-8180', '63342 Terry Ridges', 'Michaelport', 'LA', '94424'),
(222, 'Jason', 'Jefferson', 'jason.jefferson3963@gmail.com', '(465) 476-5792', '7206 Alvarez Isle Apt. 868', 'North Michaelbury', 'IA', '75317'),
(223, 'Lauren', 'Wilson', 'lauren.wilson4024@gmail.com', '(250) 742-8386', '61037 Reese Land', 'Port Sarah', 'OK', '59997'),
(224, 'Natasha', 'Barber', 'natasha.barber2676@gmail.com', '(911) 721-8288', '801 Aguilar Locks Suite 593', 'Yolandamouth', 'AR', '43428'),
(225, 'Tami', 'Newton', 'tami.newton8620@gmail.com', '(895) 919-8245', '937 Stephanie Shoal Suite 961', 'Kanemouth', 'LA', '14523'),
(226, 'Willie', 'Bell', 'willie.bell8170@gmail.com', '(374) 228-8063', '28033 Michelle Garden Suite 447', 'Heatherland', 'MN', '92805'),
(227, 'Jennifer', 'Casey', 'jennifer.casey9996@gmail.com', '(736) 446-3957', '230 John Mountain Apt. 759', 'Ritterland', 'TX', '64981'),
(228, 'Anthony', 'Ramsey', 'anthony.ramsey1260@gmail.com', '(381) 562-9498', '7037 Megan Club', 'Lake Joseph', 'KY', '46094'),
(229, 'Rebecca', 'Shannon', 'rebecca.shannon2215@gmail.com', '(641) 423-2575', '343 Reed Union Apt. 322', 'West Stephen', 'IA', '84496'),
(230, 'Kimberly', 'Christensen', 'kimberly.christensen1107@gmail.com', '(990) 446-9080', '1922 Penny Knoll', 'Michellechester', 'GA', '66803'),
(231, 'Jamie', 'Chavez', 'jamie.chavez9620@gmail.com', '(716) 892-9025', '72411 Curry Loop Apt. 529', 'Arnoldburgh', 'HI', '89947'),
(232, 'Amanda', 'Morgan', 'amanda.morgan5788@gmail.com', '(699) 492-7556', '7194 Daniel Mission Apt. 833', 'Lake April', 'NV', '26504'),
(233, 'Christina', 'Walsh', 'christina.walsh2686@gmail.com', '(337) 322-8964', '0861 Courtney Field Suite 933', 'West Sean', 'SD', '11889'),
(234, 'Michael', 'Campbell', 'michael.campbell7186@gmail.com', '(429) 539-5485', '052 Nathan Village Suite 712', 'North Scotttown', 'NV', '42123'),
(235, 'Pamela', 'Caldwell', 'pamela.caldwell5142@gmail.com', '(375) 209-9493', '7066 Ryan Run', 'North Kylemouth', 'SC', '66730'),
(236, 'Ronald', 'Owen', 'ronald.owen7321@gmail.com', '(455) 305-2458', '47278 Sarah Row', 'West Stephanie', 'NM', '21466'),
(237, 'Laura', 'Hatfield', 'laura.hatfield4492@gmail.com', '(655) 500-5847', '96959 Ryan Oval', 'Ramirezside', 'VA', '42293'),
(238, 'Patricia', 'Smith', 'patricia.smith5484@gmail.com', '(427) 349-8196', '4999 Antonio Glen', 'Joycefort', 'LA', '86115'),
(239, 'Rodney', 'Casey', 'rodney.casey7140@gmail.com', '(673) 966-5578', '6341 Brown Road Apt. 056', 'Mitchellland', 'TN', '43041'),
(240, 'Donald', 'Knox', 'donald.knox4651@gmail.com', '(440) 748-8563', '4662 Mccoy Lock Suite 540', 'Johnmouth', 'NE', '62762'),
(241, 'Kristie', 'Skinner', 'kristie.skinner2388@gmail.com', '(448) 850-7827', '3917 William Court', 'Colemanmouth', 'CT', '53238'),
(242, 'Matthew', 'Smith', 'matthew.smith1659@gmail.com', '(490) 682-9439', '918 Juarez Crossroad', 'West Josephtown', 'AL', '61539'),
(243, 'Clifford', 'French', 'clifford.french6164@gmail.com', '(957) 383-3999', '8802 Karen Neck', 'Crossview', 'TX', '71044'),
(244, 'Mary', 'Brown', 'mary.brown2730@gmail.com', '(609) 843-5404', '4041 Jamie Crossing Apt. 887', 'Taylorstad', 'AR', '32414'),
(245, 'Elizabeth', 'Mitchell', 'elizabeth.mitchell2865@gmail.com', '(369) 293-8058', '944 Webster Locks', 'West Julie', 'AK', '75923'),
(246, 'Betty', 'Moore', 'betty.moore6841@gmail.com', '(888) 367-7094', '3210 John Gateway Apt. 605', 'South Tonyton', 'NM', '02824'),
(247, 'Sean', 'Long', 'sean.long7158@gmail.com', '(944) 374-3135', '192 Carol Brook Suite 559', 'Livingstonport', 'ID', '78986'),
(248, 'Kenneth', 'Keith', 'kenneth.keith9124@gmail.com', '(399) 588-2939', '041 Turner Stream', 'South Tammy', 'PA', '68815'),
(249, 'Melissa', 'Sloan', 'melissa.sloan6877@gmail.com', '(780) 235-1398', '70275 Kevin Summit Suite 566', 'Williamsland', 'HI', '95402'),
(250, 'Amber', 'Ramirez', 'amber.ramirez2721@gmail.com', '(442) 939-1955', '4363 Chambers Gateway Suite 750', 'North Christopherbury', 'NE', '68595'),
(251, 'Matthew', 'Young', 'matthew.young4237@gmail.com', '(741) 783-8559', '8563 Duane Spurs', 'North Theodore', 'CO', '62510'),
(252, 'Dustin', 'Kramer', 'dustin.kramer6293@gmail.com', '(464) 850-7901', '02812 Brandon Crescent Apt. 562', 'Lake Alexishaven', 'LA', '36508'),
(253, 'Dale', 'Rivas', 'dale.rivas1748@gmail.com', '(712) 631-6889', '6162 Chavez Overpass Suite 991', 'East Alexisfort', 'AK', '75808'),
(254, 'Ashlee', 'Campos', 'ashlee.campos3892@gmail.com', '(349) 562-5313', '86207 Christine Shoals', 'South Deborah', 'MT', '04085'),
(255, 'Terri', 'Johnson', 'terri.johnson6288@gmail.com', '(715) 275-4486', '89271 Cindy Greens Suite 040', 'Lake Daniel', 'VT', '65266'),
(256, 'Adam', 'Velasquez', 'adam.velasquez3793@gmail.com', '(864) 386-3092', '326 Colleen Pike', 'South Dustin', 'NJ', '79828'),
(257, 'Sheila', 'Hebert', 'sheila.hebert2638@gmail.com', '(509) 304-8827', '2156 Stephen Hills', 'Jacobton', 'CT', '42693'),
(258, 'Jennifer', 'Singh', 'jennifer.singh4719@gmail.com', '(477) 847-1794', '662 Peterson Wells Apt. 471', 'Marthaside', 'IN', '19905'),
(259, 'Valerie', 'Hawkins', 'valerie.hawkins3742@gmail.com', '(660) 324-8053', '248 Morrison Plaza', 'Isaacside', 'KS', '48379'),
(260, 'Jessica', 'Vazquez', 'jessica.vazquez1581@gmail.com', '(257) 252-4476', '50188 Fletcher Canyon Apt. 712', 'Sheltonstad', 'KY', '04026'),
(261, 'Charles', 'Thomas', 'charles.thomas3808@gmail.com', '(633) 538-8259', '3760 Simmons Haven Suite 701', 'New Thomasmouth', 'MS', '06969'),
(262, 'Kimberly', 'Webb', 'kimberly.webb8038@gmail.com', '(368) 952-7006', '4011 Shelby Squares', 'Christopherstad', 'AL', '20230'),
(263, 'Ryan', 'Church', 'ryan.church6144@gmail.com', '(900) 861-7575', '19965 Adam Islands', 'Rosebury', 'MN', '57947'),
(264, 'Douglas', 'Ellis', 'douglas.ellis2926@gmail.com', '(710) 804-5612', '6784 Christina Lights Apt. 317', 'Krystalfurt', 'CT', '91654'),
(265, 'Timothy', 'Alvarado', 'timothy.alvarado1996@gmail.com', '(805) 297-4569', '804 Flores Rapids Suite 466', 'Port Patrick', 'ID', '47228'),
(266, 'Jamie', 'White', 'jamie.white2612@gmail.com', '(214) 811-7648', '53838 Sheryl Plains', 'Proctorfort', 'MA', '64549'),
(267, 'Tanya', 'Aguilar', 'tanya.aguilar4783@gmail.com', '(269) 513-5043', '633 Alexander Radial', 'East Christinastad', 'WA', '50642'),
(268, 'Steven', 'Rodriguez', 'steven.rodriguez3738@gmail.com', '(403) 947-5825', '8557 Lindsay Plains', 'North Catherine', 'WI', '49872'),
(269, 'James', 'Montgomery', 'james.montgomery3571@gmail.com', '(386) 593-5580', '623 Brenda Ville', 'Wernerstad', 'NH', '85121'),
(270, 'Kevin', 'Harvey', 'kevin.harvey3430@gmail.com', '(631) 295-5131', '7146 Jay Unions', 'Mooreton', 'WA', '95766'),
(271, 'Dawn', 'Caldwell', 'dawn.caldwell5597@gmail.com', '(226) 809-9487', '804 Klein Villages', 'Kellyside', 'MI', '32047'),
(272, 'David', 'Clark', 'david.clark8649@gmail.com', '(276) 536-5318', '74844 Thomas Way Apt. 707', 'Williamfort', 'NH', '85551'),
(273, 'Megan', 'Fitzgerald', 'megan.fitzgerald5817@gmail.com', '(865) 521-3040', '3229 Janice Fork', 'North Amandafurt', 'MS', '86991'),
(274, 'Charles', 'Cameron', 'charles.cameron8898@gmail.com', '(310) 837-9578', '93278 Jacobson Isle', 'Wilkinsonhaven', 'NJ', '64013'),
(275, 'Jonathan', 'Bright', 'jonathan.bright2288@gmail.com', '(697) 402-1036', '7942 Booth Valley Suite 091', 'East Sandramouth', 'OK', '23130'),
(276, 'Kristina', 'Moon', 'kristina.moon3265@gmail.com', '(357) 311-9661', '454 James Estates Apt. 104', 'Port Bradley', 'AZ', '82063'),
(277, 'Brian', 'Palmer', 'brian.palmer7305@gmail.com', '(563) 706-2753', '28739 Sabrina Lock', 'Tiffanyborough', 'HI', '83055'),
(278, 'Bobby', 'Trevino', 'bobby.trevino2733@gmail.com', '(281) 953-4373', '32281 Charles Isle Suite 953', 'Brettton', 'MN', '66722'),
(279, 'Diana', 'Smith', 'diana.smith1094@gmail.com', '(877) 974-2155', '914 Jackie Inlet Suite 219', 'Blairville', 'NJ', '87679'),
(280, 'Michelle', 'Moon', 'michelle.moon3112@gmail.com', '(850) 861-1984', '91977 Clark Way', 'Port Christine', 'NY', '22851'),
(281, 'Aaron', 'Hatfield', 'aaron.hatfield4328@gmail.com', '(458) 529-9124', '501 Osborne Meadow', 'Port Calvinmouth', 'IA', '27797'),
(282, 'Christopher', 'Chandler', 'christopher.chandler8251@gmail.com', '(627) 248-2802', '4623 Nicole Manor', 'West Travis', 'UT', '48162'),
(283, 'Ashley', 'Osborne', 'ashley.osborne7394@gmail.com', '(290) 623-1356', '31373 Stanley Stream Apt. 260', 'Port Heidistad', 'RI', '44204'),
(284, 'Tanya', 'Anderson', 'tanya.anderson1309@gmail.com', '(913) 322-9112', '8937 Smith Meadow Apt. 785', 'Port Thomas', 'MN', '80655'),
(285, 'Renee', 'Rodriguez', 'renee.rodriguez9650@gmail.com', '(694) 658-4065', '593 Dickson Divide', 'West Cynthia', 'OR', '98884'),
(286, 'Bryan', 'Watkins', 'bryan.watkins3524@gmail.com', '(496) 902-9069', '22354 Adams Shores Apt. 851', 'Robertsonfurt', 'IL', '14376'),
(287, 'Robert', 'Bullock', 'robert.bullock8671@gmail.com', '(489) 759-2512', '85779 Justin Viaduct', 'New Henry', 'OR', '80594'),
(288, 'Alyssa', 'Oliver', 'alyssa.oliver7785@gmail.com', '(312) 832-5518', '9779 Erica Course', 'Port Michael', 'AL', '28433'),
(289, 'Amanda', 'Brown', 'amanda.brown6343@gmail.com', '(765) 607-3421', '605 Davis Parkways', 'Port Shelly', 'NV', '64435'),
(290, 'Robert', 'Roman', 'robert.roman2202@gmail.com', '(239) 758-1549', '7430 Peter Islands', 'Jessicaton', 'FL', '41696'),
(291, 'Edward', 'Vazquez', 'edward.vazquez6611@gmail.com', '(399) 280-5047', '199 Bush Creek Apt. 679', 'West Devonside', 'FL', '19105'),
(292, 'John', 'Lewis', 'john.lewis2167@gmail.com', '(366) 829-5983', '10536 Lucero Cape Suite 169', 'West Kimberly', 'RI', '48610'),
(293, 'Julie', 'Jones', 'julie.jones1509@gmail.com', '(333) 968-5016', '1015 Richard Run', 'New Stevenchester', 'NE', '71581'),
(294, 'Jerome', 'Tanner', 'jerome.tanner1212@gmail.com', '(808) 578-2139', '06866 Steven Rue Suite 457', 'New April', 'PA', '59518'),
(295, 'Derek', 'Montes', 'derek.montes8112@gmail.com', '(802) 951-7510', '4341 Mason Underpass', 'North Anthonychester', 'ND', '91820'),
(296, 'Kimberly', 'Lyons', 'kimberly.lyons9978@gmail.com', '(785) 826-7219', '15619 Skinner Light Apt. 113', 'New Ryan', 'ND', '70331'),
(297, 'Matthew', 'Norris', 'matthew.norris9226@gmail.com', '(293) 416-3561', '31761 Rogers Rue Suite 201', 'South Masonview', 'KY', '22897'),
(298, 'Eric', 'Johnson', 'eric.johnson8165@gmail.com', '(378) 233-3623', '80272 Patricia Route Apt. 497', 'Hallview', 'CT', '71663'),
(299, 'Wayne', 'Gilmore', 'wayne.gilmore1902@gmail.com', '(858) 501-8746', '6450 Luke Ridge', 'West Marthaport', 'VT', '08113'),
(300, 'Sean', 'Hoffman', 'sean.hoffman5375@gmail.com', '(699) 598-7862', '3996 Lee Manor', 'Madelinefurt', 'KY', '53798'),
(301, 'Mark', 'Rodriguez', 'mark.rodriguez6729@gmail.com', '(942) 872-2575', '213 Mcdonald Unions Suite 722', 'West Johnview', 'MN', '18938'),
(302, 'Maureen', 'Bradley', 'maureen.bradley9204@gmail.com', '(883) 892-8023', '71116 James Drive', 'Christopherburgh', 'WY', '50027'),
(303, 'Laurie', 'Diaz', 'laurie.diaz3316@gmail.com', '(388) 894-3258', '079 Vincent Orchard Apt. 889', 'Edwardport', 'WI', '37765'),
(304, 'David', 'Ellis', 'david.ellis1251@gmail.com', '(796) 808-8212', '544 Jennings Plain', 'Christopherburgh', 'MS', '35918'),
(305, 'Heather', 'Butler', 'heather.butler7602@gmail.com', '(574) 915-1812', '313 Middleton Islands Apt. 150', 'Johnmouth', 'LA', '94911'),
(306, 'Trevor', 'Dodson', 'trevor.dodson1849@gmail.com', '(683) 653-6250', '3356 Espinoza Meadow', 'Jasonview', 'LA', '97399'),
(307, 'Donna', 'Clarke', 'donna.clarke3228@gmail.com', '(325) 938-5800', '274 John Unions Apt. 415', 'Schmittview', 'NM', '40492'),
(308, 'Gina', 'Davis', 'gina.davis9427@gmail.com', '(727) 568-8723', '3105 Pope Groves', 'Wandaborough', 'OR', '17452'),
(309, 'Charles', 'Long', 'charles.long5258@gmail.com', '(830) 334-8362', '419 Valentine Station Apt. 577', 'North Dustin', 'SC', '81189'),
(310, 'Angela', 'Lee', 'angela.lee7887@gmail.com', '(843) 240-1586', '1747 Weeks Overpass', 'Calebborough', 'WI', '84409'),
(311, 'Karen', 'Sanders', 'karen.sanders6383@gmail.com', '(843) 781-2979', '96199 Anthony Vista', 'New Michaelborough', 'IA', '20201'),
(312, 'Ashley', 'Adkins', 'ashley.adkins2117@gmail.com', '(672) 560-4906', '2535 Stephen Greens', 'West Billy', 'ID', '48643'),
(313, 'Andrea', 'Anderson', 'andrea.anderson1148@gmail.com', '(266) 963-6058', '76569 Tyler Villages Apt. 611', 'Lake Kyle', 'GA', '86173'),
(314, 'Holly', 'Garcia', 'holly.garcia6407@gmail.com', '(241) 414-9101', '1064 Acosta River', 'Hancockmouth', 'WY', '85548'),
(315, 'Adam', 'Foley', 'adam.foley1030@gmail.com', '(966) 784-7532', '67480 Francis Via', 'Antoniohaven', 'IL', '50303'),
(316, 'Frederick', 'Villa', 'frederick.villa2643@gmail.com', '(338) 277-2697', '4987 Martin Islands', 'Villamouth', 'ID', '63466'),
(317, 'Cynthia', 'Macias', 'cynthia.macias4835@gmail.com', '(439) 557-2879', '048 Long Club', 'Ryanfort', 'MS', '87362'),
(318, 'Catherine', 'Lucero', 'catherine.lucero9144@gmail.com', '(648) 281-6754', '5195 Veronica Haven Apt. 446', 'South Neil', 'AL', '48732'),
(319, 'Laura', 'Castro', 'laura.castro1364@gmail.com', '(206) 265-3167', '6791 Brian Brook Apt. 690', 'Carlsonstad', 'SD', '30279'),
(320, 'Rachel', 'Welch', 'rachel.welch8490@gmail.com', '(386) 501-9146', '819 Andrew Square Apt. 989', 'Brendamouth', 'WA', '94135'),
(321, 'Heather', 'Gallagher', 'heather.gallagher4220@gmail.com', '(811) 729-7329', '2242 Weaver Crescent', 'Clarkport', 'NJ', '11491'),
(322, 'Doris', 'White', 'doris.white8468@gmail.com', '(732) 499-7521', '748 Thomas Port Apt. 868', 'South Seth', 'VT', '92079'),
(323, 'Cynthia', 'Wise', 'cynthia.wise3142@gmail.com', '(426) 865-3745', '29392 Duncan Ville Apt. 412', 'Reynoldshaven', 'TX', '07830'),
(324, 'Joseph', 'Gillespie', 'joseph.gillespie1847@gmail.com', '(367) 479-2470', '5820 Salazar Landing', 'North Dustinbury', 'UT', '71845'),
(325, 'Douglas', 'Hall', 'douglas.hall6983@gmail.com', '(321) 629-9269', '09517 Sanford Parkways', 'West Ronald', 'DE', '56632'),
(326, 'William', 'Myers', 'william.myers3014@gmail.com', '(479) 839-6359', '11540 Mitchell Manors Apt. 777', 'Edwardside', 'MT', '64687'),
(327, 'Nicholas', 'Mathis', 'nicholas.mathis4497@gmail.com', '(401) 233-5154', '6234 Thomas View', 'Charleschester', 'RI', '13092'),
(328, 'Elizabeth', 'Vaughn', 'elizabeth.vaughn5376@gmail.com', '(717) 729-2714', '819 Kim Mall', 'Deniseton', 'CO', '93304'),
(329, 'Steven', 'Petersen', 'steven.petersen4081@gmail.com', '(503) 476-8267', '582 Wanda Summit', 'New Allison', 'GA', '72767'),
(330, 'Eric', 'Osborne', 'eric.osborne5085@gmail.com', '(872) 426-7100', '728 Hill Summit Suite 194', 'Wellsport', 'SD', '21831'),
(331, 'Miranda', 'Johnson', 'miranda.johnson9612@gmail.com', '(914) 829-2027', '737 Teresa Burg Suite 979', 'Brianbury', 'SC', '10546'),
(332, 'Brenda', 'Briggs', 'brenda.briggs9732@gmail.com', '(645) 528-1645', '5854 Hunt Terrace Suite 226', 'South Ernest', 'MS', '68386'),
(333, 'Sierra', 'Frank', 'sierra.frank6130@gmail.com', '(482) 668-4878', '211 Benton Port', 'Port Ericaville', 'MI', '15556'),
(334, 'Melanie', 'Lawrence', 'melanie.lawrence4485@gmail.com', '(775) 742-3385', '10237 David Shoal Apt. 668', 'Newmanstad', 'NH', '91703'),
(335, 'Matthew', 'Nguyen', 'matthew.nguyen1675@gmail.com', '(650) 758-5432', '206 Courtney Dale Apt. 130', 'West Vickishire', 'ID', '55238'),
(336, 'Melissa', 'Shaffer', 'melissa.shaffer3349@gmail.com', '(968) 741-2267', '70503 Griffin Mall Apt. 346', 'Jasonstad', 'HI', '53399'),
(337, 'Briana', 'Padilla', 'briana.padilla4841@gmail.com', '(842) 385-2681', '36085 Nguyen Summit', 'South Juanville', 'HI', '19259'),
(338, 'Jennifer', 'Russell', 'jennifer.russell6277@gmail.com', '(770) 846-3795', '5973 Jordan Trail', 'Port Jennifer', 'MI', '92328'),
(339, 'Brandon', 'Davis', 'brandon.davis1533@gmail.com', '(246) 954-8903', '708 Tucker Parkway', 'South Patricia', 'MN', '04267'),
(340, 'Richard', 'Trevino', 'richard.trevino8361@gmail.com', '(723) 871-9828', '164 Cannon Club Suite 595', 'Lopezmouth', 'MN', '06217'),
(341, 'Theresa', 'Ramirez', 'theresa.ramirez4228@gmail.com', '(648) 243-6773', '0154 Joseph Walk Apt. 905', 'North Marybury', 'UT', '75354'),
(342, 'Christina', 'Chase', 'christina.chase5114@gmail.com', '(850) 422-9025', '3411 Amber Walks Apt. 692', 'New Debbie', 'KY', '34054'),
(343, 'Anne', 'Ramirez', 'anne.ramirez7204@gmail.com', '(615) 338-9695', '29841 Stacy Summit Suite 663', 'East Melindabury', 'WV', '67137'),
(344, 'Brian', 'Boyd', 'brian.boyd1503@gmail.com', '(661) 671-5395', '1347 Roy Station Apt. 818', 'Lake Natashaberg', 'ND', '93525'),
(345, 'Jody', 'Lopez', 'jody.lopez6975@gmail.com', '(621) 358-4215', '519 Jason Crest', 'New Angelaland', 'AK', '99715'),
(346, 'Mark', 'Garcia', 'mark.garcia4119@gmail.com', '(620) 841-6803', '53823 Rebecca Cliff Suite 101', 'South Laurenfurt', 'CT', '70430'),
(347, 'Stephanie', 'Nelson', 'stephanie.nelson6262@gmail.com', '(768) 906-4700', '6309 Lang Hollow Suite 344', 'Ramosland', 'IL', '94939'),
(348, 'Victoria', 'Rodriguez', 'victoria.rodriguez8280@gmail.com', '(491) 249-4573', '41100 Chavez Pine Apt. 890', 'Williamsview', 'MN', '97493'),
(349, 'Melissa', 'Hill', 'melissa.hill5526@gmail.com', '(825) 660-7865', '1712 Tran Lodge', 'Kaylaside', 'PA', '50503'),
(350, 'Courtney', 'Potter', 'courtney.potter4289@gmail.com', '(760) 754-5663', '50954 Montes Isle Apt. 324', 'East Jeremyborough', 'WI', '53634'),
(351, 'Tina', 'Schneider', 'tina.schneider5156@gmail.com', '(488) 363-4995', '830 Lacey Pine Apt. 744', 'Nicholasview', 'DE', '28627'),
(352, 'Rebecca', 'West', 'rebecca.west8813@gmail.com', '(481) 450-5075', '3793 Blake Loop', 'Greenborough', 'WV', '83910'),
(353, 'Anthony', 'Flores', 'anthony.flores8916@gmail.com', '(778) 858-9315', '5452 Kenneth Lock', 'Powellland', 'HI', '22821'),
(354, 'James', 'White', 'james.white3179@gmail.com', '(864) 636-5096', '815 Nelson Branch Apt. 381', 'Bateshaven', 'ME', '43474'),
(355, 'Kenneth', 'Robertson', 'kenneth.robertson9835@gmail.com', '(955) 496-8577', '905 Andrew Square', 'East Ericview', 'WI', '05211'),
(356, 'Deanna', 'Mcfarland', 'deanna.mcfarland5773@gmail.com', '(395) 281-6380', '72315 Tonya Trail Suite 007', 'New Sierrashire', 'WA', '52822'),
(357, 'Debbie', 'Robinson', 'debbie.robinson5825@gmail.com', '(455) 355-3482', '21812 Macdonald Divide', 'North Carlachester', 'MI', '62052'),
(358, 'James', 'Benitez', 'james.benitez8471@gmail.com', '(227) 858-1243', '665 Burke Walk Suite 187', 'West Lisaland', 'IN', '71644'),
(359, 'Theresa', 'Mitchell', 'theresa.mitchell5355@gmail.com', '(873) 824-1625', '59678 Wood Tunnel Apt. 229', 'Jacksonside', 'SD', '11638'),
(360, 'David', 'Lopez', 'david.lopez4858@gmail.com', '(323) 615-6403', '4853 Rivera Ways', 'Sydneyberg', 'RI', '52767'),
(361, 'Ronald', 'Barnett', 'ronald.barnett7703@gmail.com', '(906) 250-7100', '8170 Jenny Pass Apt. 835', 'West Laura', 'MS', '48268'),
(362, 'Erica', 'Hoover', 'erica.hoover6706@gmail.com', '(772) 467-6152', '96059 Peter Streets Suite 522', 'South Joshuaville', 'OK', '21238'),
(363, 'Steven', 'James', 'steven.james6778@gmail.com', '(275) 358-5988', '0346 Wells Courts', 'Taraside', 'MO', '93266'),
(364, 'Luis', 'Davis', 'luis.davis7343@gmail.com', '(420) 589-3209', '310 Christian Light', 'Lopezport', 'HI', '45965'),
(365, 'Shawn', 'Collins', 'shawn.collins4190@gmail.com', '(833) 265-3597', '0775 Henry Park', 'Gonzaleztown', 'UT', '75704'),
(366, 'Manuel', 'Nielsen', 'manuel.nielsen4120@gmail.com', '(771) 719-8966', '93899 Angela Valley', 'North Teresabury', 'WY', '52986'),
(367, 'John', 'Cruz', 'john.cruz6727@gmail.com', '(546) 560-2711', '5677 Sutton Way Suite 888', 'Lake Bruce', 'LA', '71520'),
(368, 'Jocelyn', 'Leach', 'jocelyn.leach9078@gmail.com', '(579) 371-4946', '85934 Jeffrey Landing', 'Williamsonside', 'NE', '75936'),
(369, 'Barbara', 'Chaney', 'barbara.chaney4257@gmail.com', '(227) 743-8898', '3543 Carr Island', 'Karenstad', 'SC', '04785'),
(370, 'Alexa', 'Hurst', 'alexa.hurst1627@gmail.com', '(449) 947-9401', '281 Curtis Summit', 'New Jacquelineport', 'WA', '87101'),
(371, 'Christian', 'Williams', 'christian.williams5390@gmail.com', '(414) 413-8999', '05205 David Ridge Apt. 840', 'Port Tylershire', 'OH', '01967'),
(372, 'Jennifer', 'Mendoza', 'jennifer.mendoza5207@gmail.com', '(325) 482-8237', '785 Herrera Islands Suite 277', 'Freemanfort', 'NM', '54206'),
(373, 'Sara', 'Lester', 'sara.lester7190@gmail.com', '(549) 460-5535', '756 Brown Creek', 'East Joshua', 'ID', '11370'),
(374, 'James', 'Johnson', 'james.johnson3870@gmail.com', '(455) 851-5142', '035 Angela Park', 'Port Jonathanberg', 'TX', '89599'),
(375, 'John', 'Jones', 'john.jones8248@gmail.com', '(452) 900-1006', '8708 Jacqueline Manors Apt. 140', 'Cummingsside', 'HI', '14379'),
(376, 'Steven', 'Underwood', 'steven.underwood6239@gmail.com', '(555) 369-9931', '571 Robin Lock Apt. 041', 'Lake Dustin', 'IL', '25292'),
(377, 'Vincent', 'Anderson', 'vincent.anderson3725@gmail.com', '(291) 287-3373', '292 Elizabeth Tunnel', 'North Jonathanland', 'WI', '63515'),
(378, 'Jodi', 'Burke', 'jodi.burke7781@gmail.com', '(621) 201-4682', '928 Melvin Knoll Apt. 638', 'Mccoyton', 'ID', '07524'),
(379, 'Brianna', 'Barrera', 'brianna.barrera7428@gmail.com', '(811) 779-1270', '9060 George Camp Suite 015', 'Teresamouth', 'KY', '45153'),
(380, 'Richard', 'Li', 'richard.li4283@gmail.com', '(877) 791-7708', '148 Reed Lake Suite 858', 'East Sarahview', 'HI', '80328'),
(381, 'Erica', 'Jackson', 'erica.jackson6831@gmail.com', '(432) 657-3606', '998 Nelson Vista', 'Gallowayview', 'WY', '55024'),
(382, 'James', 'Waters', 'james.waters9971@gmail.com', '(925) 247-1420', '815 Samantha Court Apt. 655', 'Julietown', 'ME', '07939'),
(383, 'Melissa', 'Jones', 'melissa.jones1782@gmail.com', '(658) 833-8781', '716 William Extensions', 'Port Robertamouth', 'NJ', '73740'),
(384, 'Melissa', 'Perez', 'melissa.perez3967@gmail.com', '(996) 639-8337', '15012 Harris Junction Suite 587', 'Campbellport', 'HI', '53536'),
(385, 'Thomas', 'Martinez', 'thomas.martinez4043@gmail.com', '(220) 539-3836', '838 Mark Brook Apt. 020', 'Andrewstad', 'NY', '61241'),
(386, 'Jennifer', 'Parsons', 'jennifer.parsons5055@gmail.com', '(685) 759-5462', '10864 David Villages Suite 195', 'Benjaminbury', 'NE', '03445'),
(387, 'Charles', 'Mitchell', 'charles.mitchell8271@gmail.com', '(512) 928-6621', '17080 Kyle Mount Apt. 529', 'Melissashire', 'IA', '97134'),
(388, 'Ann', 'Wilkerson', 'ann.wilkerson7528@gmail.com', '(286) 744-3327', '907 John Prairie', 'Carterland', 'MI', '97452'),
(389, 'Christine', 'Hubbard', 'christine.hubbard5709@gmail.com', '(225) 790-5535', '0096 Sara Parkway Apt. 668', 'Lake Brianshire', 'NH', '70192'),
(390, 'Robert', 'Parker', 'robert.parker7160@gmail.com', '(719) 286-6207', '7350 Sutton Radial Suite 199', 'West Jaime', 'IA', '17371'),
(391, 'Michael', 'Williams', 'michael.williams3430@gmail.com', '(436) 901-7165', '8633 Micheal Vista Suite 745', 'East Tinaville', 'MT', '28137'),
(392, 'Andrew', 'Bates', 'andrew.bates2019@gmail.com', '(576) 973-5805', '5008 Yolanda Shore Apt. 446', 'Freemanton', 'SC', '00674'),
(393, 'Marco', 'Adams', 'marco.adams9049@gmail.com', '(219) 785-3720', '71542 Marvin Overpass', 'North Ariana', 'ND', '82544'),
(394, 'Christina', 'Reynolds', 'christina.reynolds3561@gmail.com', '(783) 546-9736', '13268 Stewart Plains', 'New Paul', 'IA', '65750'),
(395, 'Katherine', 'White', 'katherine.white8955@gmail.com', '(465) 667-8010', '6015 Tonya Street Suite 624', 'Robinside', 'NY', '75013'),
(396, 'Tommy', 'Moore', 'tommy.moore8548@gmail.com', '(267) 710-8739', '88541 Smith Heights', 'South Amy', 'WI', '88209'),
(397, 'Gregory', 'Martinez', 'gregory.martinez7586@gmail.com', '(504) 913-6506', '951 Jaime Inlet', 'East Alicia', 'ND', '91389'),
(398, 'Jorge', 'Guzman', 'jorge.guzman2856@gmail.com', '(925) 405-9092', '13789 Douglas Junction Apt. 558', 'South Danieltown', 'CA', '14692'),
(399, 'Ashley', 'Miller', 'ashley.miller3199@gmail.com', '(715) 744-7466', '489 Brown Center', 'North Brianmouth', 'PA', '29457'),
(400, 'Michael', 'Ward', 'michael.ward6115@gmail.com', '(367) 823-1883', '4814 Allen Meadow', 'Thomastown', 'TX', '57149'),
(401, 'Joshua', 'Murphy', 'joshua.murphy3511@gmail.com', '(863) 660-2083', '26995 Stephanie Spur', 'Zacharyhaven', 'DE', '76344'),
(402, 'Martha', 'Fields', 'martha.fields7314@gmail.com', '(740) 303-6487', '9883 Ellen Prairie', 'Stewarttown', 'ND', '77219'),
(403, 'Hunter', 'Huang', 'hunter.huang8497@gmail.com', '(386) 677-8018', '5640 Deanna Villages', 'Christopherfort', 'IA', '71546'),
(404, 'Jason', 'Foster', 'jason.foster7197@gmail.com', '(211) 360-8336', '822 Davies Motorway', 'Sandrahaven', 'ME', '29004'),
(405, 'Jasmine', 'Wood', 'jasmine.wood6460@gmail.com', '(211) 730-9382', '3622 Davis Pass', 'Port Patrickmouth', 'VA', '58176'),
(406, 'John', 'Craig', 'john.craig9206@gmail.com', '(848) 529-5201', '6827 Nichole Village', 'Jimenezfort', 'OH', '68264'),
(407, 'Barbara', 'Stout', 'barbara.stout6754@gmail.com', '(311) 750-1464', '60982 Christine Greens', 'New Alexander', 'WI', '50055'),
(408, 'Roberta', 'Walker', 'roberta.walker3077@gmail.com', '(572) 467-6892', '74464 Susan Lakes Suite 594', 'Michaelburgh', 'MT', '68541'),
(409, 'Jordan', 'Walker', 'jordan.walker5565@gmail.com', '(537) 527-8588', '956 Thompson Ways Suite 150', 'New Kimberlyberg', 'TX', '84973'),
(410, 'Michael', 'Lewis', 'michael.lewis4812@gmail.com', '(430) 213-4023', '39580 Fields Harbors', 'Mooreside', 'ND', '41268'),
(411, 'Luke', 'Ramirez', 'luke.ramirez9776@gmail.com', '(729) 374-3883', '881 Parker Pines', 'Coxstad', 'CO', '22577'),
(412, 'Elizabeth', 'Brown', 'elizabeth.brown2002@gmail.com', '(596) 925-5641', '7182 John Meadows Suite 077', 'Robertsfurt', 'NM', '97328'),
(413, 'Natalie', 'Church', 'natalie.church9833@gmail.com', '(339) 614-1976', '1797 Benton Spur Apt. 457', 'West Leslie', 'MD', '34183'),
(414, 'Daniel', 'Miller', 'daniel.miller9849@gmail.com', '(795) 806-9673', '0191 James Mission Suite 705', 'Bretthaven', 'ID', '24093'),
(415, 'Sean', 'Conway', 'sean.conway8752@gmail.com', '(475) 306-3873', '7056 Joshua Walks Suite 085', 'South Brittany', 'IA', '56859'),
(416, 'April', 'Ford', 'april.ford8938@gmail.com', '(210) 956-2818', '8352 William Shores', 'West John', 'IA', '40430'),
(417, 'Francisco', 'Schneider', 'francisco.schneider5451@gmail.com', '(683) 271-9137', '91790 Garza Vista', 'Joanberg', 'LA', '98062'),
(418, 'Aaron', 'Carroll', 'aaron.carroll9700@gmail.com', '(531) 361-7332', '4082 Morrison Rest', 'Patelland', 'TN', '53949'),
(419, 'Andrea', 'Frederick', 'andrea.frederick2403@gmail.com', '(428) 945-9816', '53163 Kim Courts', 'Nicolemouth', 'OR', '88936'),
(420, 'Joseph', 'Robinson', 'joseph.robinson5193@gmail.com', '(777) 501-2724', '6598 Brown Row', 'Rogersbury', 'NM', '16697'),
(421, 'Katherine', 'Kelly', 'katherine.kelly9645@gmail.com', '(730) 762-2199', '6996 Hernandez Harbor Suite 940', 'West Monique', 'WA', '19986'),
(422, 'Andrew', 'King', 'andrew.king4692@gmail.com', '(656) 274-6379', '7797 Rhonda Motorway', 'East Tammyport', 'WI', '27084'),
(423, 'Lori', 'Carrillo', 'lori.carrillo8564@gmail.com', '(958) 786-5865', '0483 Murray Knolls Suite 120', 'Adrianberg', 'KY', '32739'),
(424, 'David', 'Sanders', 'david.sanders8179@gmail.com', '(371) 473-1674', '37489 Ryan Bypass Suite 343', 'North Matthewberg', 'SC', '82846'),
(425, 'Richard', 'Watson', 'richard.watson3098@gmail.com', '(517) 268-4751', '89934 Collins Lane', 'Wolfetown', 'GA', '64944'),
(426, 'Kevin', 'Collins', 'kevin.collins3667@gmail.com', '(862) 605-6361', '6864 Peck Plaza', 'New Kristinaton', 'WV', '16911'),
(427, 'Craig', 'Gilbert', 'craig.gilbert9411@gmail.com', '(873) 869-2766', '564 Sara Shoals', 'Travisville', 'MD', '08511'),
(428, 'Dawn', 'Sanders', 'dawn.sanders1853@gmail.com', '(401) 480-4007', '2165 Kimberly Ferry', 'Johnmouth', 'KS', '27473'),
(429, 'Sean', 'Henry', 'sean.henry2200@gmail.com', '(568) 355-7550', '03989 Emma Cliff', 'Port Antonio', 'ID', '64532'),
(430, 'Sarah', 'Riley', 'sarah.riley5541@gmail.com', '(857) 495-1232', '67508 Riley Underpass', 'South Shane', 'FL', '94355'),
(431, 'Ashlee', 'Parker', 'ashlee.parker6128@gmail.com', '(713) 392-1117', '911 Kelly Terrace Apt. 728', 'East Danielshire', 'WY', '39842'),
(432, 'Katie', 'Hansen', 'katie.hansen2360@gmail.com', '(602) 856-2455', '9492 Richmond Port Apt. 637', 'Ethanmouth', 'LA', '33190'),
(433, 'Crystal', 'Buck', 'crystal.buck9676@gmail.com', '(486) 201-4920', '121 Mendez Parkways Suite 092', 'Estesland', 'CT', '93483'),
(434, 'Sharon', 'Nelson', 'sharon.nelson8332@gmail.com', '(386) 445-9256', '683 Mary Streets Apt. 127', 'Nelsonburgh', 'HI', '37136'),
(435, 'Suzanne', 'Green', 'suzanne.green5653@gmail.com', '(932) 797-7729', '90719 Kennedy Flats Apt. 515', 'Escobarshire', 'CT', '75114'),
(436, 'Alan', 'Espinoza', 'alan.espinoza3268@gmail.com', '(973) 662-3665', '7981 White Falls', 'Lake Saraview', 'WV', '03954'),
(437, 'Ashley', 'Rojas', 'ashley.rojas4455@gmail.com', '(797) 229-6040', '944 Anderson Freeway', 'Debbieshire', 'IA', '80729'),
(438, 'David', 'Poole', 'david.poole6011@gmail.com', '(930) 539-6883', '046 Kristen Ford', 'Hardinport', 'MD', '37028'),
(439, 'Donna', 'Gonzalez', 'donna.gonzalez5093@gmail.com', '(513) 378-8697', '826 Wilkinson Islands', 'Jonesfurt', 'OK', '16242'),
(440, 'Sherri', 'Rogers', 'sherri.rogers4701@gmail.com', '(785) 445-5865', '7169 Compton Place Suite 189', 'Port Ryan', 'IA', '97989'),
(441, 'Jennifer', 'Contreras', 'jennifer.contreras4146@gmail.com', '(218) 732-7574', '63829 Thompson Glens', 'North Veronicamouth', 'OK', '65105'),
(442, 'Jonathan', 'Johnson', 'jonathan.johnson7439@gmail.com', '(545) 401-9766', '7891 Linda Hill Suite 227', 'Lake Christopher', 'IA', '13907'),
(443, 'Jennifer', 'Lynch', 'jennifer.lynch5912@gmail.com', '(402) 786-6229', '15246 Brown Dam', 'West Garyview', 'GA', '56252'),
(444, 'Gary', 'Thomas', 'gary.thomas5260@gmail.com', '(778) 676-9589', '85784 Parks Creek', 'Brownmouth', 'UT', '63360'),
(445, 'Melanie', 'Cohen', 'melanie.cohen4286@gmail.com', '(790) 857-6013', '33639 Johnson Inlet', 'Hawkinsstad', 'FL', '38173'),
(446, 'Lindsey', 'Dillon', 'lindsey.dillon2325@gmail.com', '(602) 634-2066', '28622 Crosby Union Apt. 480', 'Christophertown', 'CA', '99756'),
(447, 'Marco', 'Edwards', 'marco.edwards1408@gmail.com', '(424) 201-5914', '25659 Melissa Land', 'Juliamouth', 'MS', '85918'),
(448, 'Mary', 'Vincent', 'mary.vincent3179@gmail.com', '(400) 835-6263', '0541 Mccoy Highway', 'North Cynthiaton', 'DE', '31512'),
(449, 'Connie', 'Roberts', 'connie.roberts2363@gmail.com', '(224) 360-3444', '17414 Greer Land', 'Rodgerschester', 'HI', '95397'),
(450, 'Kevin', 'Martinez', 'kevin.martinez2529@gmail.com', '(598) 898-1133', '40854 Zachary Mountain', 'Lake Jeffrey', 'IL', '12812'),
(451, 'Christina', 'Wiggins', 'christina.wiggins2463@gmail.com', '(606) 777-2513', '492 Ramirez Forge Suite 281', 'Jeremymouth', 'UT', '66843'),
(452, 'Kristi', 'Collins', 'kristi.collins5698@gmail.com', '(882) 395-9060', '477 Evan Place', 'Scottville', 'KS', '70488'),
(453, 'Lori', 'Wallace', 'lori.wallace5360@gmail.com', '(613) 833-3352', '61591 Ayers Causeway Apt. 922', 'New Deanna', 'SD', '92723'),
(454, 'Megan', 'Holmes', 'megan.holmes6169@gmail.com', '(628) 325-4113', '12353 Jacqueline Via Apt. 387', 'Lake Eric', 'NV', '83331'),
(455, 'Shirley', 'Chang', 'shirley.chang4413@gmail.com', '(509) 843-9069', '49638 Jonathan Viaduct Suite 073', 'Muellerfurt', 'MA', '54858'),
(456, 'Brandi', 'Howard', 'brandi.howard4358@gmail.com', '(655) 341-9397', '12625 Tyler Ports Apt. 475', 'East Janetfurt', 'OR', '16810'),
(457, 'Roger', 'Hall', 'roger.hall4227@gmail.com', '(889) 240-6308', '62856 Brown Fall', 'Toddtown', 'ND', '03310'),
(458, 'Eric', 'Williams', 'eric.williams3675@gmail.com', '(799) 630-9372', '644 Vanessa Ridges', 'East Sherriborough', 'MA', '98753'),
(459, 'Kenneth', 'Miranda', 'kenneth.miranda8909@gmail.com', '(803) 635-7502', '768 Carmen Isle', 'Autumnburgh', 'WI', '88525'),
(460, 'Melissa', 'Valenzuela', 'melissa.valenzuela7867@gmail.com', '(301) 483-8079', '10009 Shane Trail', 'West Virginia', 'UT', '95413'),
(461, 'Caitlin', 'Jones', 'caitlin.jones7519@gmail.com', '(872) 447-5263', '0915 Jenna Ferry', 'North Michael', 'IA', '43676'),
(462, 'Carrie', 'Nguyen', 'carrie.nguyen2781@gmail.com', '(768) 267-8744', '089 Amanda Pike Apt. 221', 'Porterville', 'NV', '29762'),
(463, 'Laura', 'Edwards', 'laura.edwards1374@gmail.com', '(355) 229-8587', '9204 Kevin Flat', 'Rodriguezville', 'ME', '39212'),
(464, 'Martin', 'Reed', 'martin.reed6124@gmail.com', '(548) 927-6392', '55087 April Mission Apt. 788', 'Brownport', 'AZ', '96625'),
(465, 'Laura', 'Rodriguez', 'laura.rodriguez2223@gmail.com', '(815) 970-7984', '832 Nathan Forest', 'Jordanview', 'WV', '04982'),
(466, 'Jeanette', 'Walsh', 'jeanette.walsh1613@gmail.com', '(663) 929-9282', '841 Jeffrey Land Apt. 898', 'Alvaradoland', 'NY', '09238'),
(467, 'Nathan', 'Hobbs', 'nathan.hobbs1819@gmail.com', '(704) 398-3644', '94151 Melissa Knoll', 'Port Lori', 'MO', '18179'),
(468, 'Paula', 'Garcia', 'paula.garcia5446@gmail.com', '(233) 394-4934', '49891 Arnold Key', 'Port Williamfort', 'AL', '18112'),
(469, 'Jason', 'Johnston', 'jason.johnston8851@gmail.com', '(785) 829-1006', '587 Conley Junctions', 'North Frank', 'MS', '82268'),
(470, 'Alexis', 'Castillo', 'alexis.castillo2482@gmail.com', '(742) 571-5062', '70500 Johnson Parks', 'Lake Jessica', 'CT', '09345'),
(471, 'Rebecca', 'Roberts', 'rebecca.roberts6730@gmail.com', '(779) 416-4538', '742 Atkinson Court', 'Kellyburgh', 'ME', '65996'),
(472, 'Helen', 'Roberts', 'helen.roberts2149@gmail.com', '(509) 740-3811', '2941 James Avenue Suite 000', 'Hoffmanport', 'IL', '63416'),
(473, 'Bryan', 'Reese', 'bryan.reese6213@gmail.com', '(824) 723-9496', '6173 Christopher Greens Suite 581', 'Gonzaleshaven', 'CA', '17383'),
(474, 'Anthony', 'Brown', 'anthony.brown5150@gmail.com', '(484) 766-2906', '7451 Rocha Mountains', 'New Christina', 'UT', '27767'),
(475, 'Richard', 'Young', 'richard.young4607@gmail.com', '(556) 889-3491', '88507 Steele Ranch Apt. 339', 'Parrishmouth', 'AK', '25973'),
(476, 'Christina', 'Mcgee', 'christina.mcgee6285@gmail.com', '(921) 987-1818', '322 Joshua Stream Apt. 407', 'Burtonberg', 'ND', '65308'),
(477, 'Melissa', 'Martin', 'melissa.martin2263@gmail.com', '(373) 420-6653', '113 Beard Glen', 'North Traci', 'TX', '66539'),
(478, 'Kevin', 'Wells', 'kevin.wells5749@gmail.com', '(924) 438-4308', '131 Hunt Cliff', 'Fordhaven', 'MN', '58471'),
(479, 'Hannah', 'Frey', 'hannah.frey5174@gmail.com', '(386) 518-6413', '0213 Perez Mountains Apt. 882', 'North Todd', 'MD', '05799'),
(480, 'Vanessa', 'Mcdaniel', 'vanessa.mcdaniel9422@gmail.com', '(450) 619-3893', '57924 Samantha Estate Apt. 806', 'Hillview', 'VA', '71167'),
(481, 'Christopher', 'Price', 'christopher.price9761@gmail.com', '(739) 788-8760', '273 Nicholas Club', 'South Stephaniehaven', 'CO', '20698'),
(482, 'Kayla', 'Becker', 'kayla.becker6902@gmail.com', '(637) 979-4676', '9555 Bartlett Estates', 'Tranfort', 'KS', '14270'),
(483, 'Jerry', 'Hess', 'jerry.hess3094@gmail.com', '(525) 234-4713', '47365 Smith Mountains', 'Lake Susanfort', 'IL', '41295'),
(484, 'Anthony', 'Howe', 'anthony.howe4121@gmail.com', '(638) 328-3479', '1519 Laura Shore', 'New Joel', 'VA', '19638'),
(485, 'Maria', 'Barrett', 'maria.barrett2880@gmail.com', '(504) 304-6789', '84706 Payne Point', 'South Hollyton', 'MS', '08722'),
(486, 'Travis', 'Fisher', 'travis.fisher9540@gmail.com', '(314) 822-5623', '104 Watson Passage', 'North Jerryborough', 'ND', '12342'),
(487, 'Kaylee', 'Rivas', 'kaylee.rivas5866@gmail.com', '(448) 716-9737', '7747 Patrick Plains', 'Dayside', 'DE', '21556'),
(488, 'Ricky', 'Sosa', 'ricky.sosa8618@gmail.com', '(640) 542-5712', '0948 Hector Greens Suite 216', 'Garciafurt', 'OK', '83657'),
(489, 'Michael', 'Martin', 'michael.martin6891@gmail.com', '(986) 975-4102', '7751 Rivera Keys Suite 698', 'West Jay', 'MI', '83259'),
(490, 'Natalie', 'Parker', 'natalie.parker4167@gmail.com', '(868) 335-5916', '75159 White Plains', 'Port Meganburgh', 'MA', '95442'),
(491, 'Donald', 'Turner', 'donald.turner7723@gmail.com', '(597) 621-9570', '22425 Bennett Run', 'East Anne', 'AR', '39317'),
(492, 'Joshua', 'Castillo', 'joshua.castillo3660@gmail.com', '(728) 422-5394', '57869 Rebecca Island Apt. 654', 'Floresland', 'IL', '33491'),
(493, 'Richard', 'Ochoa', 'richard.ochoa9180@gmail.com', '(371) 806-8640', '68404 Andrew Fords', 'Tanyaland', 'IN', '02137'),
(494, 'Joanna', 'Young', 'joanna.young3763@gmail.com', '(721) 612-4432', '49896 Joshua Groves Apt. 370', 'Lake Randyshire', 'UT', '69134'),
(495, 'Maria', 'Taylor', 'maria.taylor3404@gmail.com', '(380) 829-9246', '61826 Gordon Bypass Suite 424', 'East Annstad', 'MA', '68812'),
(496, 'Antonio', 'Gonzalez', 'antonio.gonzalez2707@gmail.com', '(386) 384-2899', '02071 Garcia Rest Suite 619', 'Port Edwardtown', 'MD', '73494'),
(497, 'Misty', 'Sharp', 'misty.sharp9655@gmail.com', '(904) 959-3181', '005 Alexis Pines', 'Rodneyhaven', 'RI', '30823'),
(498, 'Melanie', 'Lin', 'melanie.lin2404@gmail.com', '(821) 765-9869', '51967 Nicole Points Suite 985', 'North Dwayne', 'IA', '10583'),
(499, 'Sherry', 'Torres', 'sherry.torres4470@gmail.com', '(503) 873-9054', '62812 Luke Mountain', 'Devinburgh', 'MT', '27527'),
(500, 'Kelly', 'Brown', 'kelly.brown6003@gmail.com', '(254) 452-9394', '16299 Eric Courts Suite 824', 'Port Joseph', 'ND', '80616');

INSERT INTO Customers (PersonID, CustomerType) VALUES
(201, 'Individual'),
(202, 'Individual'),
(203, 'Individual'),
(204, 'Individual'),
(205, 'Individual'),
(206, 'Individual'),
(207, 'Company'),
(208, 'Individual'),
(209, 'Individual'),
(210, 'Company'),
(211, 'Individual'),
(212, 'Company'),
(213, 'Individual'),
(214, 'Individual'),
(215, 'Individual'),
(216, 'Individual'),
(217, 'Individual'),
(218, 'Individual'),
(219, 'Individual'),
(220, 'Individual'),
(221, 'Individual'),
(222, 'Individual'),
(223, 'Individual'),
(224, 'Individual'),
(225, 'Individual'),
(226, 'Individual'),
(227, 'Company'),
(228, 'Individual'),
(229, 'Company'),
(230, 'Individual'),
(231, 'Individual'),
(232, 'Individual'),
(233, 'Individual'),
(234, 'Individual'),
(235, 'Company'),
(236, 'Individual'),
(237, 'Individual'),
(238, 'Individual'),
(239, 'Individual'),
(240, 'Company'),
(241, 'Company'),
(242, 'Individual'),
(243, 'Individual'),
(244, 'Individual'),
(245, 'Individual'),
(246, 'Company'),
(247, 'Individual'),
(248, 'Individual'),
(249, 'Individual'),
(250, 'Individual'),
(251, 'Individual'),
(252, 'Company'),
(253, 'Company'),
(254, 'Individual'),
(255, 'Company'),
(256, 'Company'),
(257, 'Individual'),
(258, 'Company'),
(259, 'Individual'),
(260, 'Individual'),
(261, 'Individual'),
(262, 'Individual'),
(263, 'Individual'),
(264, 'Individual'),
(265, 'Company'),
(266, 'Individual'),
(267, 'Company'),
(268, 'Individual'),
(269, 'Company'),
(270, 'Individual'),
(271, 'Individual'),
(272, 'Individual'),
(273, 'Company'),
(274, 'Individual'),
(275, 'Individual'),
(276, 'Individual'),
(277, 'Individual'),
(278, 'Individual'),
(279, 'Company'),
(280, 'Individual'),
(281, 'Company'),
(282, 'Individual'),
(283, 'Individual'),
(284, 'Individual'),
(285, 'Individual'),
(286, 'Individual'),
(287, 'Individual'),
(288, 'Company'),
(289, 'Company'),
(290, 'Individual'),
(291, 'Individual'),
(292, 'Company'),
(293, 'Company'),
(294, 'Individual'),
(295, 'Company'),
(296, 'Individual'),
(297, 'Individual'),
(298, 'Individual'),
(299, 'Company'),
(300, 'Company'),
(301, 'Individual'),
(302, 'Individual'),
(303, 'Company'),
(304, 'Individual'),
(305, 'Individual'),
(306, 'Individual'),
(307, 'Company'),
(308, 'Individual'),
(309, 'Individual'),
(310, 'Company'),
(311, 'Company'),
(312, 'Individual'),
(313, 'Individual'),
(314, 'Individual'),
(315, 'Individual'),
(316, 'Individual'),
(317, 'Company'),
(318, 'Individual'),
(319, 'Individual'),
(320, 'Company'),
(321, 'Individual'),
(322, 'Company'),
(323, 'Individual'),
(324, 'Individual'),
(325, 'Individual'),
(326, 'Company'),
(327, 'Company'),
(328, 'Individual'),
(329, 'Individual'),
(330, 'Individual'),
(331, 'Individual'),
(332, 'Company'),
(333, 'Individual'),
(334, 'Individual'),
(335, 'Individual'),
(336, 'Individual'),
(337, 'Individual'),
(338, 'Company'),
(339, 'Company'),
(340, 'Individual'),
(341, 'Individual'),
(342, 'Individual'),
(343, 'Individual'),
(344, 'Individual'),
(345, 'Individual'),
(346, 'Individual'),
(347, 'Individual'),
(348, 'Individual'),
(349, 'Individual'),
(350, 'Individual'),
(351, 'Individual'),
(352, 'Individual'),
(353, 'Company'),
(354, 'Individual'),
(355, 'Individual'),
(356, 'Company'),
(357, 'Company'),
(358, 'Individual'),
(359, 'Individual'),
(360, 'Individual'),
(361, 'Individual'),
(362, 'Individual'),
(363, 'Individual'),
(364, 'Individual'),
(365, 'Individual'),
(366, 'Company'),
(367, 'Individual'),
(368, 'Individual'),
(369, 'Individual'),
(370, 'Individual'),
(371, 'Individual'),
(372, 'Individual'),
(373, 'Individual'),
(374, 'Individual'),
(375, 'Individual'),
(376, 'Individual'),
(377, 'Individual'),
(378, 'Company'),
(379, 'Individual'),
(380, 'Individual'),
(381, 'Individual'),
(382, 'Company'),
(383, 'Company'),
(384, 'Company'),
(385, 'Individual'),
(386, 'Individual'),
(387, 'Company'),
(388, 'Company'),
(389, 'Individual'),
(390, 'Individual'),
(391, 'Company'),
(392, 'Individual'),
(393, 'Individual'),
(394, 'Company'),
(395, 'Individual'),
(396, 'Company'),
(397, 'Individual'),
(398, 'Individual'),
(399, 'Individual'),
(400, 'Individual'),
(401, 'Individual'),
(402, 'Individual'),
(403, 'Individual'),
(404, 'Company'),
(405, 'Individual'),
(406, 'Individual'),
(407, 'Individual'),
(408, 'Individual'),
(409, 'Individual'),
(410, 'Company'),
(411, 'Individual'),
(412, 'Individual'),
(413, 'Individual'),
(414, 'Individual'),
(415, 'Individual'),
(416, 'Individual'),
(417, 'Company'),
(418, 'Individual'),
(419, 'Individual'),
(420, 'Individual'),
(421, 'Individual'),
(422, 'Individual'),
(423, 'Individual'),
(424, 'Company'),
(425, 'Individual'),
(426, 'Individual'),
(427, 'Individual'),
(428, 'Individual'),
(429, 'Company'),
(430, 'Company'),
(431, 'Individual'),
(432, 'Individual'),
(433, 'Company'),
(434, 'Individual'),
(435, 'Individual'),
(436, 'Individual'),
(437, 'Individual'),
(438, 'Individual'),
(439, 'Individual'),
(440, 'Individual'),
(441, 'Individual'),
(442, 'Individual'),
(443, 'Individual'),
(444, 'Individual'),
(445, 'Individual'),
(446, 'Company'),
(447, 'Individual'),
(448, 'Individual'),
(449, 'Individual'),
(450, 'Company'),
(451, 'Company'),
(452, 'Individual'),
(453, 'Individual'),
(454, 'Individual'),
(455, 'Individual'),
(456, 'Individual'),
(457, 'Individual'),
(458, 'Company'),
(459, 'Individual'),
(460, 'Company'),
(461, 'Individual'),
(462, 'Company'),
(463, 'Individual'),
(464, 'Individual'),
(465, 'Individual'),
(466, 'Individual'),
(467, 'Individual'),
(468, 'Individual'),
(469, 'Individual'),
(470, 'Individual'),
(471, 'Individual'),
(472, 'Individual'),
(473, 'Company'),
(474, 'Individual'),
(475, 'Individual'),
(476, 'Company'),
(477, 'Individual'),
(478, 'Company'),
(479, 'Company'),
(480, 'Individual'),
(481, 'Individual'),
(482, 'Company'),
(483, 'Company'),
(484, 'Individual'),
(485, 'Company'),
(486, 'Individual'),
(487, 'Individual'),
(488, 'Individual'),
(489, 'Individual'),
(490, 'Individual'),
(491, 'Individual'),
(492, 'Individual'),
(493, 'Individual'),
(494, 'Company'),
(495, 'Individual'),
(496, 'Company'),
(497, 'Individual'),
(498, 'Individual'),
(499, 'Company'),
(500, 'Individual');


INSERT INTO Orders (CustomerID, OrderDate, InvoiceDate, Status, PaymentStatus) VALUES
(241, '2024-01-10', '2024-01-19', 'Pending', 'Overdue'),
(415, '2023-10-03', '2023-10-12', 'PickedUp', 'Overdue'),
(256, '2024-09-30', '2024-10-08', 'Pending', 'Paid'),
(436, '2023-11-18', '2023-11-27', 'Pending', 'Paid'),
(481, '2024-09-14', '2024-09-22', 'PickedUp', 'Pending'),
(305, '2023-09-13', '2023-09-22', 'Pending', 'Paid'),
(362, '2024-02-21', '2024-02-29', 'PickedUp', 'Paid'),
(391, '2024-03-25', '2024-04-02', 'Cancelled', 'Pending'),
(209, '2025-02-02', '2025-02-12', 'PickedUp', 'Overdue'),
(260, '2023-11-06', '2023-11-16', 'PickedUp', 'Overdue'),
(425, '2024-06-26', '2024-07-04', 'Cancelled', 'Pending'),
(388, '2024-05-23', '2024-06-02', 'Pending', 'Overdue'),
(270, '2024-11-05', '2024-11-14', 'PickedUp', 'Overdue'),
(493, '2024-10-19', '2024-10-27', 'Pending', 'Overdue'),
(487, '2024-09-25', '2024-10-05', 'PickedUp', 'Overdue'),
(369, '2024-11-21', '2024-11-30', 'Pending', 'Paid'),
(262, '2023-11-23', '2023-12-03', 'Pending', 'Pending'),
(214, '2023-09-08', '2023-09-18', 'Pending', 'Overdue'),
(364, '2025-03-20', '2025-03-29', 'Pending', 'Pending'),
(445, '2024-10-03', '2024-10-10', 'Pending', 'Pending'),
(208, '2024-07-30', '2024-08-07', 'Pending', 'Overdue'),
(354, '2024-07-26', '2024-08-04', 'PickedUp', 'Pending'),
(236, '2024-06-25', '2024-07-05', 'Pending', 'Paid'),
(248, '2024-12-12', '2024-12-22', 'PickedUp', 'Paid'),
(285, '2023-11-02', '2023-11-09', 'Pending', 'Overdue'),
(228, '2023-11-18', '2023-11-25', 'PickedUp', 'Paid'),
(396, '2025-01-09', '2025-01-16', 'Pending', 'Overdue'),
(408, '2024-03-17', '2024-03-25', 'PickedUp', 'Overdue'),
(404, '2024-10-31', '2024-11-07', 'PickedUp', 'Overdue'),
(304, '2024-05-27', '2024-06-03', 'PickedUp', 'Pending'),
(430, '2024-08-15', '2024-08-23', 'Pending', 'Pending'),
(301, '2023-08-24', '2023-09-02', 'PickedUp', 'Overdue'),
(229, '2023-06-03', '2023-06-11', 'Pending', 'Paid'),
(327, '2024-08-19', '2024-08-29', 'Pending', 'Paid'),
(210, '2025-01-13', '2025-01-23', 'PickedUp', 'Paid'),
(306, '2023-09-15', '2023-09-22', 'PickedUp', 'Pending'),
(367, '2024-01-02', '2024-01-10', 'PickedUp', 'Pending'),
(457, '2024-08-16', '2024-08-25', 'Pending', 'Pending'),
(495, '2024-07-23', '2024-07-31', 'PickedUp', 'Paid'),
(477, '2025-02-02', '2025-02-12', 'PickedUp', 'Pending'),
(265, '2025-04-15', '2025-04-24', 'Pending', 'Paid'),
(471, '2024-08-20', '2024-08-30', 'PickedUp', 'Paid'),
(388, '2024-06-06', '2024-06-16', 'Pending', 'Pending'),
(338, '2024-03-30', '2024-04-06', 'PickedUp', 'Pending'),
(305, '2024-01-28', '2024-02-05', 'Pending', 'Paid'),
(234, '2024-11-13', '2024-11-20', 'Pending', 'Overdue'),
(310, '2024-04-30', '2024-05-08', 'Pending', 'Overdue'),
(233, '2023-07-16', '2023-07-24', 'PickedUp', 'Pending'),
(431, '2023-08-01', '2023-08-10', 'PickedUp', 'Overdue'),
(466, '2025-03-22', '2025-04-01', 'Cancelled', 'Pending'),
(382, '2024-03-11', '2024-03-20', 'PickedUp', 'Paid'),
(265, '2024-08-19', '2024-08-28', 'Pending', 'Paid'),
(201, '2023-05-22', '2023-05-29', 'Pending', 'Overdue'),
(333, '2025-04-20', '2025-04-30', 'PickedUp', 'Pending'),
(280, '2025-04-05', '2025-04-12', 'Pending', 'Overdue'),
(471, '2024-03-06', '2024-03-15', 'PickedUp', 'Pending'),
(441, '2024-09-22', '2024-09-29', 'Pending', 'Paid'),
(228, '2023-12-22', '2023-12-29', 'PickedUp', 'Paid'),
(423, '2024-09-06', '2024-09-13', 'PickedUp', 'Pending'),
(223, '2024-09-24', '2024-10-03', 'PickedUp', 'Overdue'),
(309, '2024-01-26', '2024-02-04', 'Pending', 'Overdue'),
(307, '2023-08-05', '2023-08-15', 'Cancelled', 'Pending'),
(345, '2024-10-24', '2024-11-02', 'PickedUp', 'Pending'),
(339, '2025-02-22', '2025-03-04', 'PickedUp', 'Overdue'),
(484, '2024-05-30', '2024-06-08', 'Pending', 'Pending'),
(498, '2024-03-18', '2024-03-28', 'PickedUp', 'Overdue'),
(299, '2023-09-07', '2023-09-14', 'Cancelled', 'Pending'),
(323, '2024-08-18', '2024-08-28', 'PickedUp', 'Paid'),
(487, '2024-05-13', '2024-05-23', 'PickedUp', 'Paid'),
(281, '2023-11-27', '2023-12-07', 'PickedUp', 'Overdue'),
(210, '2023-06-07', '2023-06-17', 'Pending', 'Paid'),
(208, '2024-06-23', '2024-07-02', 'PickedUp', 'Paid'),
(405, '2024-10-16', '2024-10-24', 'PickedUp', 'Pending'),
(397, '2024-09-17', '2024-09-24', 'PickedUp', 'Paid'),
(398, '2023-08-25', '2023-09-02', 'Cancelled', 'Pending'),
(230, '2024-05-01', '2024-05-11', 'PickedUp', 'Paid'),
(220, '2023-10-09', '2023-10-17', 'PickedUp', 'Overdue'),
(248, '2025-02-15', '2025-02-23', 'Pending', 'Pending'),
(330, '2024-03-05', '2024-03-15', 'Pending', 'Pending'),
(493, '2024-11-01', '2024-11-08', 'PickedUp', 'Paid'),
(332, '2025-02-19', '2025-03-01', 'PickedUp', 'Overdue'),
(254, '2025-01-16', '2025-01-26', 'Cancelled', 'Pending'),
(481, '2025-01-20', '2025-01-30', 'Pending', 'Overdue'),
(465, '2024-06-28', '2024-07-06', 'Cancelled', 'Pending'),
(415, '2023-06-18', '2023-06-25', 'PickedUp', 'Paid'),
(490, '2023-07-16', '2023-07-24', 'Cancelled', 'Pending'),
(243, '2024-03-28', '2024-04-04', 'Pending', 'Paid'),
(274, '2024-09-22', '2024-10-01', 'Pending', 'Pending'),
(478, '2024-10-31', '2024-11-09', 'Pending', 'Pending'),
(442, '2023-11-26', '2023-12-06', 'PickedUp', 'Pending'),
(330, '2025-04-27', NULL, 'PickedUp', 'Pending'),
(394, '2024-07-24', '2024-08-02', 'PickedUp', 'Overdue'),
(232, '2023-08-30', '2023-09-09', 'Pending', 'Paid'),
(306, '2025-01-20', '2025-01-29', 'Pending', 'Paid'),
(404, '2023-11-27', '2023-12-04', 'Pending', 'Pending'),
(201, '2024-06-26', '2024-07-04', 'Pending', 'Paid'),
(445, '2023-12-08', '2023-12-17', 'Cancelled', 'Pending'),
(272, '2023-08-07', '2023-08-16', 'PickedUp', 'Overdue'),
(215, '2024-09-17', '2024-09-24', 'PickedUp', 'Paid'),
(253, '2024-03-02', '2024-03-11', 'PickedUp', 'Pending'),
(208, '2024-02-27', '2024-03-06', 'Pending', 'Overdue'),
(246, '2024-10-06', '2024-10-16', 'PickedUp', 'Paid'),
(314, '2023-06-19', '2023-06-29', 'PickedUp', 'Paid'),
(347, '2023-09-21', '2023-10-01', 'PickedUp', 'Paid'),
(366, '2025-02-21', '2025-03-01', 'PickedUp', 'Paid'),
(339, '2023-12-05', '2023-12-14', 'PickedUp', 'Pending'),
(317, '2024-04-28', '2024-05-07', 'Pending', 'Overdue'),
(499, '2023-06-15', '2023-06-23', 'PickedUp', 'Paid'),
(476, '2025-01-31', '2025-02-07', 'PickedUp', 'Overdue'),
(477, '2024-02-10', '2024-02-18', 'PickedUp', 'Paid'),
(378, '2024-12-02', '2024-12-12', 'PickedUp', 'Overdue'),
(354, '2024-02-23', '2024-03-03', 'Pending', 'Pending'),
(401, '2024-10-14', '2024-10-23', 'Pending', 'Pending'),
(315, '2023-10-18', '2023-10-28', 'Pending', 'Paid'),
(359, '2024-08-27', '2024-09-04', 'Pending', 'Pending'),
(242, '2024-09-04', '2024-09-13', 'PickedUp', 'Overdue'),
(447, '2024-04-29', '2024-05-09', 'PickedUp', 'Paid'),
(268, '2023-10-19', '2023-10-28', 'Cancelled', 'Pending'),
(396, '2023-08-30', '2023-09-08', 'PickedUp', 'Paid'),
(290, '2023-05-04', '2023-05-11', 'PickedUp', 'Pending'),
(311, '2024-04-16', '2024-04-24', 'Pending', 'Overdue'),
(345, '2025-02-10', '2025-02-17', 'PickedUp', 'Overdue'),
(475, '2024-04-29', '2024-05-06', 'Cancelled', 'Pending'),
(379, '2023-11-09', '2023-11-19', 'PickedUp', 'Pending'),
(441, '2024-01-23', '2024-02-02', 'PickedUp', 'Paid'),
(353, '2024-01-09', '2024-01-19', 'Cancelled', 'Pending'),
(304, '2024-03-07', '2024-03-16', 'PickedUp', 'Pending'),
(275, '2024-09-29', '2024-10-06', 'PickedUp', 'Pending'),
(328, '2025-01-07', '2025-01-14', 'Cancelled', 'Pending'),
(399, '2023-12-15', '2023-12-25', 'Pending', 'Pending'),
(354, '2023-09-21', '2023-09-30', 'PickedUp', 'Pending'),
(256, '2024-01-18', '2024-01-28', 'Pending', 'Paid'),
(478, '2023-05-24', '2023-06-02', 'PickedUp', 'Pending'),
(219, '2025-03-18', '2025-03-27', 'Pending', 'Paid'),
(359, '2023-06-03', '2023-06-12', 'PickedUp', 'Paid'),
(226, '2024-08-28', '2024-09-04', 'Pending', 'Paid'),
(369, '2025-02-06', '2025-02-15', 'Pending', 'Overdue'),
(223, '2024-12-01', '2024-12-11', 'PickedUp', 'Pending'),
(247, '2023-11-20', '2023-11-27', 'PickedUp', 'Overdue'),
(213, '2024-12-07', '2024-12-15', 'PickedUp', 'Pending'),
(417, '2025-03-25', '2025-04-01', 'Pending', 'Pending'),
(394, '2024-03-24', '2024-04-01', 'PickedUp', 'Pending'),
(344, '2025-03-17', '2025-03-25', 'Pending', 'Overdue'),
(273, '2024-10-07', '2024-10-15', 'Cancelled', 'Pending'),
(356, '2024-03-07', '2024-03-17', 'Cancelled', 'Pending'),
(277, '2024-01-19', '2024-01-29', 'Pending', 'Pending'),
(369, '2025-04-12', '2025-04-19', 'PickedUp', 'Pending'),
(487, '2024-07-05', '2024-07-14', 'PickedUp', 'Paid'),
(285, '2024-02-28', '2024-03-06', 'Pending', 'Paid'),
(382, '2023-09-29', '2023-10-08', 'PickedUp', 'Overdue'),
(497, '2023-11-02', '2023-11-10', 'Pending', 'Overdue'),
(312, '2024-06-10', '2024-06-19', 'Cancelled', 'Pending'),
(430, '2025-03-20', '2025-03-27', 'PickedUp', 'Pending'),
(296, '2024-09-12', '2024-09-19', 'PickedUp', 'Paid'),
(368, '2024-04-02', '2024-04-10', 'Pending', 'Paid'),
(356, '2024-05-08', '2024-05-17', 'Pending', 'Pending'),
(305, '2024-02-12', '2024-02-22', 'Pending', 'Pending'),
(393, '2023-06-10', '2023-06-17', 'PickedUp', 'Pending'),
(332, '2024-04-04', '2024-04-11', 'PickedUp', 'Overdue'),
(338, '2023-09-05', '2023-09-12', 'Pending', 'Overdue'),
(470, '2025-02-12', '2025-02-19', 'PickedUp', 'Overdue'),
(238, '2025-04-01', '2025-04-08', 'Cancelled', 'Pending'),
(245, '2025-03-13', '2025-03-20', 'PickedUp', 'Pending'),
(363, '2024-12-07', '2024-12-14', 'Pending', 'Paid'),
(453, '2025-03-04', '2025-03-11', 'PickedUp', 'Paid'),
(369, '2023-10-05', '2023-10-14', 'Pending', 'Pending'),
(485, '2024-02-11', '2024-02-21', 'PickedUp', 'Paid'),
(474, '2023-06-23', '2023-07-02', 'Pending', 'Pending'),
(220, '2023-10-04', '2023-10-13', 'Pending', 'Pending'),
(439, '2024-01-03', '2024-01-11', 'PickedUp', 'Pending'),
(470, '2023-06-28', '2023-07-05', 'Cancelled', 'Pending'),
(231, '2023-08-31', '2023-09-08', 'PickedUp', 'Pending'),
(304, '2024-09-22', '2024-10-01', 'Pending', 'Pending'),
(370, '2024-04-18', '2024-04-28', 'PickedUp', 'Pending'),
(386, '2024-08-08', '2024-08-17', 'Pending', 'Pending'),
(328, '2024-08-12', '2024-08-19', 'Cancelled', 'Pending'),
(410, '2025-02-19', '2025-02-27', 'Pending', 'Overdue'),
(481, '2024-09-24', '2024-10-01', 'PickedUp', 'Paid'),
(453, '2025-01-29', '2025-02-07', 'Pending', 'Paid'),
(219, '2025-02-10', '2025-02-20', 'PickedUp', 'Paid'),
(400, '2024-09-05', '2024-09-14', 'Pending', 'Overdue'),
(420, '2024-04-24', '2024-05-04', 'PickedUp', 'Pending'),
(336, '2024-01-01', '2024-01-09', 'Pending', 'Overdue'),
(423, '2025-04-06', '2025-04-16', 'Pending', 'Overdue'),
(203, '2023-12-01', '2023-12-11', 'PickedUp', 'Pending'),
(436, '2023-11-18', '2023-11-27', 'PickedUp', 'Paid'),
(428, '2023-05-22', '2023-05-29', 'PickedUp', 'Pending'),
(342, '2023-09-04', '2023-09-13', 'PickedUp', 'Overdue'),
(209, '2024-04-12', '2024-04-19', 'Pending', 'Overdue'),
(390, '2024-10-20', '2024-10-27', 'PickedUp', 'Pending'),
(365, '2024-04-09', '2024-04-17', 'PickedUp', 'Overdue'),
(339, '2024-07-28', '2024-08-06', 'Cancelled', 'Pending'),
(476, '2023-10-27', '2023-11-05', 'Cancelled', 'Pending'),
(491, '2024-11-29', '2024-12-08', 'PickedUp', 'Pending'),
(253, '2024-09-06', '2024-09-14', 'Pending', 'Paid'),
(375, '2025-03-07', '2025-03-17', 'PickedUp', 'Overdue'),
(310, '2024-02-20', '2024-03-01', 'Pending', 'Overdue'),
(403, '2025-01-12', '2025-01-20', 'Cancelled', 'Pending'),
(336, '2024-10-29', '2024-11-07', 'Pending', 'Pending'),
(204, '2024-04-28', '2024-05-07', 'PickedUp', 'Paid'),
(355, '2024-10-15', '2024-10-24', 'PickedUp', 'Pending'),
(372, '2024-04-23', '2024-04-30', 'PickedUp', 'Overdue'),
(247, '2023-12-21', '2023-12-30', 'Pending', 'Pending'),
(294, '2024-10-12', '2024-10-19', 'Cancelled', 'Pending'),
(248, '2023-12-09', '2023-12-17', 'PickedUp', 'Paid'),
(440, '2024-07-30', '2024-08-08', 'PickedUp', 'Overdue'),
(413, '2023-12-14', '2023-12-23', 'Pending', 'Paid'),
(339, '2025-01-03', '2025-01-12', 'PickedUp', 'Paid'),
(405, '2023-10-25', '2023-11-02', 'PickedUp', 'Pending'),
(273, '2024-06-20', '2024-06-30', 'Pending', 'Pending'),
(204, '2024-06-06', '2024-06-13', 'PickedUp', 'Pending'),
(276, '2024-07-22', '2024-07-31', 'PickedUp', 'Overdue'),
(277, '2024-08-16', '2024-08-25', 'PickedUp', 'Paid'),
(456, '2023-10-05', '2023-10-15', 'PickedUp', 'Pending'),
(302, '2025-04-12', '2025-04-19', 'PickedUp', 'Pending'),
(306, '2024-03-04', '2024-03-12', 'Pending', 'Pending'),
(239, '2024-04-23', '2024-05-01', 'Cancelled', 'Pending'),
(475, '2025-02-09', '2025-02-18', 'Pending', 'Paid'),
(288, '2023-10-31', '2023-11-10', 'Cancelled', 'Pending'),
(411, '2024-02-27', '2024-03-08', 'PickedUp', 'Paid'),
(277, '2023-05-23', '2023-05-31', 'PickedUp', 'Paid'),
(277, '2024-10-09', '2024-10-19', 'PickedUp', 'Overdue'),
(228, '2023-05-04', '2023-05-11', 'PickedUp', 'Pending'),
(445, '2024-10-17', '2024-10-26', 'Pending', 'Paid'),
(266, '2023-07-07', '2023-07-15', 'PickedUp', 'Overdue'),
(466, '2024-12-06', '2024-12-14', 'PickedUp', 'Pending'),
(405, '2025-03-05', '2025-03-14', 'PickedUp', 'Overdue'),
(258, '2024-10-03', '2024-10-10', 'PickedUp', 'Pending'),
(401, '2024-05-22', '2024-05-31', 'PickedUp', 'Pending'),
(425, '2023-08-29', '2023-09-07', 'Cancelled', 'Pending'),
(342, '2024-10-04', '2024-10-11', 'PickedUp', 'Pending'),
(284, '2024-05-31', '2024-06-10', 'Pending', 'Paid'),
(343, '2024-08-22', '2024-08-29', 'Pending', 'Overdue'),
(233, '2024-08-03', '2024-08-13', 'PickedUp', 'Paid'),
(352, '2023-06-01', '2023-06-08', 'Pending', 'Overdue'),
(358, '2024-03-08', '2024-03-16', 'PickedUp', 'Pending'),
(341, '2024-10-02', '2024-10-09', 'PickedUp', 'Overdue'),
(451, '2025-02-14', '2025-02-24', 'PickedUp', 'Overdue'),
(312, '2024-06-14', '2024-06-21', 'Pending', 'Paid'),
(344, '2024-02-23', '2024-03-01', 'Pending', 'Paid'),
(409, '2023-07-30', '2023-08-07', 'PickedUp', 'Paid'),
(424, '2025-03-15', '2025-03-24', 'Pending', 'Overdue'),
(243, '2025-01-25', '2025-02-02', 'Cancelled', 'Pending'),
(464, '2025-01-18', '2025-01-28', 'Pending', 'Paid'),
(444, '2024-12-06', '2024-12-16', 'PickedUp', 'Pending'),
(203, '2025-04-04', '2025-04-14', 'Pending', 'Overdue'),
(325, '2023-11-18', '2023-11-27', 'Pending', 'Overdue'),
(468, '2023-06-22', '2023-06-29', 'PickedUp', 'Paid'),
(284, '2025-02-08', '2025-02-18', 'PickedUp', 'Pending'),
(216, '2023-09-25', '2023-10-03', 'Pending', 'Overdue'),
(259, '2024-01-08', '2024-01-16', 'PickedUp', 'Pending'),
(377, '2024-11-20', '2024-11-29', 'PickedUp', 'Overdue'),
(263, '2024-03-25', '2024-04-04', 'PickedUp', 'Overdue'),
(249, '2025-03-24', '2025-04-02', 'Cancelled', 'Pending'),
(446, '2023-12-07', '2023-12-14', 'Cancelled', 'Pending'),
(489, '2023-05-19', '2023-05-27', 'PickedUp', 'Pending'),
(486, '2024-10-13', '2024-10-22', 'Pending', 'Overdue'),
(215, '2024-11-03', '2024-11-12', 'Pending', 'Paid'),
(455, '2023-09-15', '2023-09-22', 'PickedUp', 'Paid'),
(292, '2024-03-29', '2024-04-08', 'PickedUp', 'Paid'),
(479, '2024-11-24', '2024-12-04', 'Pending', 'Pending'),
(406, '2024-11-15', '2024-11-25', 'PickedUp', 'Pending'),
(294, '2024-03-18', '2024-03-28', 'PickedUp', 'Overdue'),
(425, '2024-10-09', '2024-10-17', 'PickedUp', 'Overdue'),
(399, '2024-09-08', '2024-09-16', 'Pending', 'Pending'),
(471, '2024-12-02', '2024-12-11', 'Pending', 'Paid'),
(434, '2024-07-26', '2024-08-05', 'Pending', 'Paid'),
(246, '2024-03-23', '2024-03-30', 'Pending', 'Paid'),
(264, '2023-06-23', '2023-07-02', 'PickedUp', 'Pending'),
(430, '2025-02-22', '2025-03-03', 'PickedUp', 'Pending'),
(449, '2025-02-02', '2025-02-09', 'Pending', 'Pending'),
(446, '2025-04-30', NULL, 'PickedUp', 'Pending'),
(275, '2023-06-04', '2023-06-13', 'PickedUp', 'Pending'),
(357, '2024-12-12', '2024-12-20', 'PickedUp', 'Overdue'),
(423, '2024-12-19', '2024-12-29', 'Pending', 'Pending'),
(390, '2024-11-04', '2024-11-12', 'Pending', 'Paid'),
(252, '2024-05-08', '2024-05-18', 'PickedUp', 'Pending'),
(288, '2023-07-13', '2023-07-21', 'Pending', 'Pending'),
(266, '2023-09-23', '2023-10-02', 'Cancelled', 'Pending'),
(350, '2025-01-13', '2025-01-21', 'Cancelled', 'Pending'),
(220, '2025-04-14', '2025-04-24', 'PickedUp', 'Paid'),
(233, '2024-06-08', '2024-06-16', 'Pending', 'Pending'),
(481, '2024-01-08', '2024-01-17', 'PickedUp', 'Pending'),
(246, '2024-08-22', '2024-08-31', 'Pending', 'Overdue'),
(273, '2023-12-15', '2023-12-24', 'PickedUp', 'Paid'),
(333, '2025-01-02', '2025-01-10', 'PickedUp', 'Pending'),
(255, '2023-05-22', '2023-05-30', 'PickedUp', 'Overdue'),
(261, '2024-01-01', '2024-01-08', 'Cancelled', 'Pending'),
(208, '2024-06-21', '2024-06-30', 'Pending', 'Pending'),
(472, '2024-03-09', '2024-03-19', 'PickedUp', 'Overdue'),
(446, '2025-02-12', '2025-02-20', 'Cancelled', 'Pending'),
(376, '2023-06-11', '2023-06-18', 'PickedUp', 'Pending'),
(316, '2024-03-11', '2024-03-20', 'PickedUp', 'Paid'),
(471, '2023-12-03', '2023-12-11', 'PickedUp', 'Pending'),
(393, '2025-02-16', '2025-02-25', 'Cancelled', 'Pending'),
(350, '2023-09-30', '2023-10-07', 'Pending', 'Overdue'),
(331, '2024-06-03', '2024-06-10', 'PickedUp', 'Paid'),
(302, '2023-06-13', '2023-06-20', 'Cancelled', 'Pending'),
(470, '2023-11-29', '2023-12-06', 'Pending', 'Overdue'),
(492, '2024-04-20', '2024-04-28', 'PickedUp', 'Overdue'),
(410, '2025-04-27', NULL, 'Pending', 'Overdue'),
(267, '2024-09-12', '2024-09-22', 'Cancelled', 'Pending'),
(210, '2023-11-19', '2023-11-29', 'Pending', 'Paid'),
(249, '2023-07-25', '2023-08-03', 'PickedUp', 'Pending'),
(311, '2024-06-10', '2024-06-20', 'Pending', 'Overdue'),
(419, '2023-05-15', '2023-05-24', 'PickedUp', 'Paid'),
(257, '2024-07-28', '2024-08-07', 'Pending', 'Overdue'),
(483, '2024-01-01', '2024-01-11', 'Cancelled', 'Pending'),
(313, '2024-11-30', '2024-12-09', 'PickedUp', 'Paid'),
(333, '2024-01-04', '2024-01-13', 'PickedUp', 'Paid'),
(271, '2024-06-11', '2024-06-18', 'PickedUp', 'Paid'),
(283, '2024-11-14', '2024-11-24', 'PickedUp', 'Pending'),
(257, '2024-06-25', '2024-07-04', 'Pending', 'Paid'),
(471, '2024-01-08', '2024-01-18', 'PickedUp', 'Pending'),
(311, '2023-08-20', '2023-08-27', 'PickedUp', 'Pending'),
(276, '2024-07-09', '2024-07-16', 'Pending', 'Pending'),
(358, '2024-06-11', '2024-06-19', 'Pending', 'Paid'),
(220, '2024-12-11', '2024-12-20', 'PickedUp', 'Pending'),
(331, '2024-08-12', '2024-08-19', 'PickedUp', 'Overdue'),
(322, '2024-03-07', '2024-03-17', 'PickedUp', 'Pending'),
(241, '2024-09-02', '2024-09-11', 'PickedUp', 'Paid'),
(367, '2023-09-20', '2023-09-30', 'Pending', 'Pending'),
(330, '2025-02-24', '2025-03-06', 'Pending', 'Pending'),
(223, '2024-05-18', '2024-05-27', 'Cancelled', 'Pending'),
(479, '2024-01-13', '2024-01-21', 'PickedUp', 'Overdue'),
(451, '2024-04-29', '2024-05-08', 'PickedUp', 'Paid'),
(209, '2024-02-17', '2024-02-26', 'Pending', 'Overdue'),
(213, '2024-09-16', '2024-09-26', 'PickedUp', 'Paid'),
(252, '2024-02-14', '2024-02-24', 'PickedUp', 'Paid'),
(409, '2023-05-04', '2023-05-11', 'PickedUp', 'Paid'),
(238, '2025-02-06', '2025-02-15', 'PickedUp', 'Paid'),
(300, '2023-10-28', '2023-11-04', 'Pending', 'Paid'),
(393, '2023-06-08', '2023-06-15', 'PickedUp', 'Paid'),
(391, '2024-08-06', '2024-08-13', 'Pending', 'Pending'),
(251, '2025-01-01', '2025-01-09', 'PickedUp', 'Pending'),
(341, '2024-05-13', '2024-05-20', 'PickedUp', 'Pending'),
(368, '2025-03-22', '2025-03-30', 'Pending', 'Overdue'),
(309, '2024-05-30', '2024-06-09', 'Pending', 'Overdue'),
(407, '2024-11-09', '2024-11-18', 'Cancelled', 'Pending'),
(500, '2024-08-15', '2024-08-25', 'PickedUp', 'Pending'),
(310, '2023-12-01', '2023-12-09', 'Pending', 'Overdue'),
(396, '2023-11-25', '2023-12-03', 'Pending', 'Pending'),
(352, '2025-01-04', '2025-01-14', 'PickedUp', 'Pending'),
(443, '2025-01-05', '2025-01-13', 'PickedUp', 'Overdue'),
(328, '2023-09-30', '2023-10-10', 'PickedUp', 'Pending'),
(305, '2023-11-05', '2023-11-14', 'PickedUp', 'Overdue'),
(210, '2024-09-06', '2024-09-15', 'PickedUp', 'Paid'),
(348, '2025-02-24', '2025-03-04', 'PickedUp', 'Paid'),
(340, '2024-02-09', '2024-02-19', 'PickedUp', 'Paid'),
(390, '2023-11-16', '2023-11-23', 'Pending', 'Paid'),
(294, '2024-01-23', '2024-01-30', 'Pending', 'Paid'),
(429, '2024-03-31', '2024-04-09', 'Pending', 'Paid'),
(263, '2023-10-28', '2023-11-04', 'PickedUp', 'Overdue'),
(225, '2023-10-22', '2023-10-31', 'Pending', 'Overdue'),
(468, '2024-06-09', '2024-06-16', 'PickedUp', 'Overdue'),
(481, '2025-01-30', '2025-02-07', 'PickedUp', 'Pending'),
(211, '2025-02-20', '2025-02-28', 'PickedUp', 'Pending'),
(401, '2023-07-29', '2023-08-08', 'PickedUp', 'Paid'),
(326, '2024-09-29', '2024-10-09', 'PickedUp', 'Overdue'),
(390, '2023-09-08', '2023-09-17', 'PickedUp', 'Overdue'),
(289, '2024-04-27', '2024-05-04', 'PickedUp', 'Pending'),
(316, '2023-09-25', '2023-10-02', 'Pending', 'Paid'),
(377, '2025-03-13', '2025-03-23', 'PickedUp', 'Overdue'),
(214, '2024-07-16', '2024-07-24', 'Cancelled', 'Pending'),
(457, '2023-08-14', '2023-08-23', 'PickedUp', 'Paid'),
(409, '2024-12-19', '2024-12-28', 'Pending', 'Pending'),
(481, '2024-11-16', '2024-11-24', 'Pending', 'Overdue'),
(305, '2024-04-23', '2024-04-30', 'PickedUp', 'Pending'),
(347, '2024-01-09', '2024-01-18', 'Pending', 'Paid'),
(479, '2024-01-08', '2024-01-18', 'PickedUp', 'Paid'),
(209, '2023-07-21', '2023-07-30', 'PickedUp', 'Pending'),
(318, '2023-06-19', '2023-06-28', 'PickedUp', 'Pending'),
(294, '2023-06-13', '2023-06-23', 'PickedUp', 'Overdue'),
(344, '2025-02-08', '2025-02-17', 'PickedUp', 'Overdue'),
(489, '2024-09-18', '2024-09-28', 'PickedUp', 'Overdue'),
(214, '2024-05-08', '2024-05-17', 'PickedUp', 'Overdue'),
(457, '2023-08-30', '2023-09-09', 'PickedUp', 'Paid'),
(386, '2023-12-04', '2023-12-12', 'PickedUp', 'Pending'),
(407, '2023-06-20', '2023-06-30', 'Pending', 'Paid'),
(372, '2024-04-21', '2024-05-01', 'Pending', 'Pending'),
(470, '2024-11-01', '2024-11-10', 'Cancelled', 'Pending'),
(421, '2024-07-04', '2024-07-14', 'PickedUp', 'Overdue'),
(352, '2024-10-24', '2024-11-02', 'Cancelled', 'Pending'),
(311, '2024-06-21', '2024-06-28', 'PickedUp', 'Pending'),
(383, '2024-12-24', '2025-01-02', 'Pending', 'Pending'),
(272, '2024-03-01', '2024-03-10', 'PickedUp', 'Paid'),
(483, '2023-10-14', '2023-10-23', 'Pending', 'Paid'),
(274, '2023-10-29', '2023-11-05', 'PickedUp', 'Pending'),
(415, '2024-01-16', '2024-01-26', 'Pending', 'Paid'),
(223, '2023-10-14', '2023-10-23', 'PickedUp', 'Pending'),
(268, '2024-09-19', '2024-09-27', 'PickedUp', 'Pending'),
(293, '2023-10-19', '2023-10-28', 'Pending', 'Pending'),
(263, '2024-12-05', '2024-12-12', 'Pending', 'Paid'),
(424, '2023-10-03', '2023-10-10', 'Pending', 'Overdue'),
(425, '2024-10-31', '2024-11-07', 'Pending', 'Pending'),
(303, '2024-11-03', '2024-11-12', 'PickedUp', 'Pending'),
(415, '2025-04-28', NULL, 'Pending', 'Paid'),
(392, '2025-02-26', '2025-03-05', 'PickedUp', 'Paid'),
(360, '2024-04-24', '2024-05-03', 'Pending', 'Pending'),
(407, '2025-01-24', '2025-02-01', 'PickedUp', 'Overdue'),
(469, '2024-02-14', '2024-02-23', 'PickedUp', 'Pending'),
(394, '2024-03-16', '2024-03-23', 'Pending', 'Paid'),
(352, '2025-04-10', '2025-04-19', 'PickedUp', 'Paid'),
(437, '2025-01-19', '2025-01-27', 'Cancelled', 'Pending'),
(288, '2025-02-24', '2025-03-05', 'Cancelled', 'Pending'),
(211, '2024-11-18', '2024-11-27', 'Cancelled', 'Pending'),
(387, '2025-01-10', '2025-01-18', 'PickedUp', 'Overdue'),
(414, '2024-12-29', '2025-01-05', 'Pending', 'Pending'),
(215, '2024-02-09', '2024-02-18', 'PickedUp', 'Pending'),
(466, '2024-07-14', '2024-07-23', 'Pending', 'Overdue'),
(497, '2024-03-15', '2024-03-24', 'PickedUp', 'Paid'),
(273, '2024-07-24', '2024-08-02', 'Pending', 'Paid'),
(252, '2024-01-01', '2024-01-11', 'Pending', 'Overdue'),
(328, '2023-05-29', '2023-06-07', 'Pending', 'Overdue'),
(228, '2024-10-03', '2024-10-11', 'PickedUp', 'Pending'),
(265, '2023-12-26', '2024-01-02', 'PickedUp', 'Overdue'),
(217, '2023-09-28', '2023-10-05', 'PickedUp', 'Overdue'),
(338, '2024-08-16', '2024-08-24', 'PickedUp', 'Paid'),
(429, '2024-10-25', '2024-11-02', 'PickedUp', 'Overdue'),
(454, '2024-10-24', '2024-11-02', 'Cancelled', 'Pending'),
(410, '2025-04-21', '2025-04-29', 'Pending', 'Paid'),
(494, '2025-02-14', '2025-02-24', 'PickedUp', 'Pending'),
(431, '2023-12-16', '2023-12-23', 'Pending', 'Pending'),
(441, '2025-03-13', '2025-03-22', 'Pending', 'Overdue'),
(270, '2023-06-12', '2023-06-21', 'PickedUp', 'Overdue'),
(304, '2024-04-07', '2024-04-15', 'PickedUp', 'Paid'),
(404, '2024-09-25', '2024-10-02', 'Pending', 'Pending'),
(253, '2024-05-20', '2024-05-28', 'PickedUp', 'Paid'),
(254, '2024-08-19', '2024-08-29', 'Pending', 'Paid'),
(476, '2025-04-05', '2025-04-15', 'Cancelled', 'Pending'),
(231, '2024-08-13', '2024-08-21', 'Cancelled', 'Pending'),
(335, '2024-08-03', '2024-08-12', 'PickedUp', 'Pending'),
(258, '2023-07-15', '2023-07-22', 'Pending', 'Paid'),
(305, '2023-07-15', '2023-07-22', 'Pending', 'Paid'),
(466, '2024-08-15', '2024-08-25', 'Pending', 'Paid'),
(210, '2025-03-15', '2025-03-24', 'PickedUp', 'Paid'),
(453, '2023-11-23', '2023-12-03', 'Cancelled', 'Pending'),
(495, '2024-10-05', '2024-10-14', 'PickedUp', 'Pending'),
(356, '2024-12-03', '2024-12-11', 'Cancelled', 'Pending'),
(358, '2024-02-18', '2024-02-27', 'PickedUp', 'Overdue'),
(237, '2023-06-23', '2023-07-01', 'PickedUp', 'Pending'),
(319, '2023-06-03', '2023-06-11', 'PickedUp', 'Pending'),
(267, '2024-05-08', '2024-05-16', 'Pending', 'Paid'),
(442, '2024-09-26', '2024-10-05', 'PickedUp', 'Pending'),
(499, '2024-01-31', '2024-02-10', 'PickedUp', 'Overdue'),
(413, '2023-08-31', '2023-09-07', 'PickedUp', 'Paid'),
(301, '2024-10-14', '2024-10-24', 'PickedUp', 'Paid'),
(256, '2024-01-01', '2024-01-08', 'PickedUp', 'Paid'),
(439, '2024-10-13', '2024-10-22', 'PickedUp', 'Paid'),
(431, '2024-02-08', '2024-02-18', 'PickedUp', 'Overdue'),
(292, '2024-08-10', '2024-08-18', 'PickedUp', 'Pending'),
(479, '2024-07-03', '2024-07-12', 'PickedUp', 'Overdue'),
(309, '2023-12-20', '2023-12-27', 'Pending', 'Overdue'),
(368, '2023-09-04', '2023-09-14', 'Pending', 'Overdue'),
(500, '2024-08-03', '2024-08-11', 'PickedUp', 'Pending'),
(418, '2023-07-05', '2023-07-13', 'Pending', 'Pending'),
(422, '2023-12-16', '2023-12-26', 'Pending', 'Paid'),
(361, '2025-02-06', '2025-02-13', 'Pending', 'Pending'),
(216, '2023-10-30', '2023-11-07', 'PickedUp', 'Paid'),
(478, '2024-03-20', '2024-03-27', 'Cancelled', 'Pending'),
(257, '2025-01-28', '2025-02-07', 'Cancelled', 'Pending'),
(262, '2023-08-26', '2023-09-05', 'PickedUp', 'Overdue'),
(442, '2024-02-24', '2024-03-03', 'PickedUp', 'Paid'),
(290, '2024-11-23', '2024-12-01', 'PickedUp', 'Pending'),
(272, '2024-04-23', '2024-04-30', 'PickedUp', 'Pending'),
(230, '2023-12-13', '2023-12-20', 'Pending', 'Paid'),
(488, '2024-08-25', '2024-09-03', 'PickedUp', 'Paid'),
(286, '2023-09-06', '2023-09-16', 'Pending', 'Pending'),
(434, '2023-09-07', '2023-09-14', 'PickedUp', 'Overdue'),
(435, '2024-09-23', '2024-10-03', 'Pending', 'Pending'),
(465, '2023-05-05', '2023-05-12', 'PickedUp', 'Pending'),
(487, '2024-04-07', '2024-04-15', 'PickedUp', 'Paid'),
(469, '2023-07-24', '2023-08-01', 'Pending', 'Pending'),
(386, '2023-06-25', '2023-07-02', 'Pending', 'Pending'),
(331, '2024-07-22', '2024-07-30', 'Pending', 'Paid'),
(491, '2023-11-11', '2023-11-18', 'PickedUp', 'Pending'),
(477, '2024-12-23', '2025-01-01', 'PickedUp', 'Overdue'),
(380, '2024-03-01', '2024-03-11', 'Pending', 'Paid'),
(490, '2023-07-06', '2023-07-14', 'PickedUp', 'Paid'),
(363, '2024-12-27', '2025-01-05', 'PickedUp', 'Overdue'),
(471, '2025-04-25', NULL, 'Pending', 'Paid'),
(296, '2024-06-21', '2024-06-29', 'PickedUp', 'Pending'),
(462, '2023-10-14', '2023-10-22', 'PickedUp', 'Overdue'),
(488, '2023-12-12', '2023-12-20', 'PickedUp', 'Overdue'),
(283, '2023-09-10', '2023-09-18', 'PickedUp', 'Pending'),
(425, '2024-10-09', '2024-10-17', 'Pending', 'Overdue'),
(423, '2024-03-23', '2024-04-01', 'PickedUp', 'Pending'),
(318, '2023-11-12', '2023-11-22', 'PickedUp', 'Pending'),
(392, '2024-10-01', '2024-10-08', 'Pending', 'Pending'),
(279, '2024-10-04', '2024-10-13', 'Cancelled', 'Pending'),
(278, '2025-01-04', '2025-01-14', 'PickedUp', 'Overdue'),
(347, '2024-01-09', '2024-01-16', 'PickedUp', 'Overdue'),
(307, '2023-12-23', '2024-01-01', 'PickedUp', 'Pending'),
(471, '2025-03-16', '2025-03-25', 'PickedUp', 'Paid'),
(444, '2024-06-04', '2024-06-14', 'PickedUp', 'Paid'),
(273, '2023-12-26', '2024-01-02', 'Pending', 'Paid'),
(226, '2024-02-07', '2024-02-17', 'Pending', 'Pending'),
(410, '2023-12-07', '2023-12-15', 'PickedUp', 'Pending'),
(292, '2023-11-01', '2023-11-11', 'PickedUp', 'Pending'),
(325, '2023-11-08', '2023-11-18', 'Cancelled', 'Pending'),
(273, '2025-04-15', '2025-04-24', 'Pending', 'Overdue'),
(323, '2024-08-31', '2024-09-08', 'PickedUp', 'Pending'),
(384, '2024-10-06', '2024-10-16', 'Pending', 'Pending'),
(387, '2024-08-03', '2024-08-10', 'PickedUp', 'Overdue'),
(398, '2023-05-27', '2023-06-05', 'PickedUp', 'Overdue'),
(278, '2025-01-06', '2025-01-16', 'Cancelled', 'Pending'),
(386, '2024-07-06', '2024-07-13', 'PickedUp', 'Overdue'),
(453, '2024-01-04', '2024-01-11', 'PickedUp', 'Pending'),
(213, '2024-04-02', '2024-04-11', 'PickedUp', 'Overdue'),
(499, '2024-01-05', '2024-01-14', 'Cancelled', 'Pending'),
(276, '2024-07-08', '2024-07-16', 'PickedUp', 'Paid'),
(251, '2024-11-04', '2024-11-13', 'PickedUp', 'Overdue'),
(475, '2024-06-20', '2024-06-29', 'Cancelled', 'Pending'),
(349, '2024-08-15', '2024-08-25', 'PickedUp', 'Overdue'),
(419, '2025-04-24', '2025-05-01', 'Pending', 'Overdue'),
(322, '2023-11-10', '2023-11-17', 'PickedUp', 'Paid'),
(411, '2024-11-06', '2024-11-15', 'Cancelled', 'Pending'),
(480, '2025-04-29', NULL, 'Cancelled', 'Pending'),
(226, '2024-02-01', '2024-02-11', 'Cancelled', 'Pending'),
(373, '2023-07-27', '2023-08-06', 'Cancelled', 'Pending'),
(356, '2023-12-20', '2023-12-27', 'PickedUp', 'Overdue'),
(438, '2023-06-25', '2023-07-05', 'Pending', 'Pending'),
(282, '2025-04-03', '2025-04-10', 'PickedUp', 'Overdue'),
(473, '2025-04-30', NULL, 'Pending', 'Paid'),
(268, '2025-03-06', '2025-03-15', 'PickedUp', 'Paid'),
(244, '2025-01-09', '2025-01-17', 'Pending', 'Overdue'),
(261, '2024-06-25', '2024-07-05', 'PickedUp', 'Paid'),
(323, '2024-02-17', '2024-02-24', 'Pending', 'Paid'),
(396, '2023-09-17', '2023-09-25', 'PickedUp', 'Pending'),
(311, '2023-09-14', '2023-09-21', 'Pending', 'Pending'),
(458, '2024-06-10', '2024-06-20', 'PickedUp', 'Overdue'),
(289, '2024-06-28', '2024-07-06', 'Cancelled', 'Pending'),
(398, '2023-05-04', '2023-05-13', 'PickedUp', 'Paid'),
(482, '2025-01-12', '2025-01-22', 'PickedUp', 'Paid'),
(400, '2024-05-09', '2024-05-16', 'PickedUp', 'Paid'),
(299, '2024-05-10', '2024-05-20', 'Pending', 'Paid'),
(227, '2025-02-22', '2025-03-04', 'Pending', 'Pending'),
(289, '2023-06-09', '2023-06-16', 'PickedUp', 'Paid'),
(346, '2024-01-21', '2024-01-29', 'Pending', 'Paid'),
(382, '2024-01-23', '2024-01-30', 'PickedUp', 'Overdue'),
(457, '2023-11-14', '2023-11-22', 'PickedUp', 'Overdue'),
(389, '2025-04-10', '2025-04-20', 'PickedUp', 'Paid'),
(440, '2024-04-12', '2024-04-22', 'PickedUp', 'Paid'),
(396, '2023-08-25', '2023-09-03', 'PickedUp', 'Overdue'),
(497, '2025-03-23', '2025-03-30', 'PickedUp', 'Pending'),
(365, '2023-09-07', '2023-09-14', 'PickedUp', 'Pending'),
(471, '2024-05-30', '2024-06-09', 'Pending', 'Paid'),
(208, '2023-06-30', '2023-07-09', 'PickedUp', 'Pending'),
(238, '2025-02-17', '2025-02-26', 'PickedUp', 'Overdue'),
(314, '2023-10-18', '2023-10-25', 'Pending', 'Overdue'),
(256, '2023-12-04', '2023-12-14', 'PickedUp', 'Overdue'),
(338, '2024-11-06', '2024-11-14', 'PickedUp', 'Paid'),
(302, '2025-03-03', '2025-03-10', 'PickedUp', 'Paid'),
(377, '2025-01-22', '2025-01-30', 'Pending', 'Pending'),
(369, '2023-12-23', '2024-01-01', 'Pending', 'Overdue'),
(486, '2023-12-04', '2023-12-13', 'PickedUp', 'Overdue'),
(461, '2024-07-08', '2024-07-17', 'PickedUp', 'Overdue'),
(423, '2024-12-29', '2025-01-05', 'PickedUp', 'Paid'),
(399, '2023-09-15', '2023-09-25', 'Pending', 'Overdue'),
(411, '2024-04-08', '2024-04-18', 'PickedUp', 'Paid'),
(487, '2023-11-07', '2023-11-16', 'Pending', 'Overdue'),
(380, '2024-08-04', '2024-08-13', 'Pending', 'Overdue'),
(450, '2025-04-19', '2025-04-28', 'PickedUp', 'Pending'),
(431, '2024-04-07', '2024-04-14', 'Pending', 'Overdue'),
(223, '2023-12-12', '2023-12-20', 'PickedUp', 'Paid'),
(248, '2025-03-30', '2025-04-07', 'PickedUp', 'Paid'),
(309, '2024-11-11', '2024-11-18', 'Pending', 'Pending'),
(496, '2025-02-21', '2025-02-28', 'PickedUp', 'Paid'),
(206, '2024-05-04', '2024-05-11', 'PickedUp', 'Overdue'),
(238, '2024-02-23', '2024-03-01', 'Pending', 'Pending'),
(369, '2025-01-21', '2025-01-29', 'Cancelled', 'Pending'),
(483, '2025-04-22', '2025-04-30', 'PickedUp', 'Pending'),
(403, '2023-06-04', '2023-06-11', 'PickedUp', 'Paid'),
(473, '2025-01-07', '2025-01-15', 'Pending', 'Overdue'),
(444, '2024-12-09', '2024-12-17', 'Cancelled', 'Pending'),
(247, '2023-08-08', '2023-08-16', 'PickedUp', 'Overdue'),
(449, '2024-11-25', '2024-12-04', 'PickedUp', 'Overdue'),
(279, '2024-08-14', '2024-08-22', 'PickedUp', 'Pending'),
(310, '2024-02-15', '2024-02-22', 'PickedUp', 'Paid'),
(213, '2024-11-10', '2024-11-19', 'Cancelled', 'Pending'),
(290, '2023-05-12', '2023-05-21', 'PickedUp', 'Paid'),
(480, '2024-08-04', '2024-08-13', 'PickedUp', 'Pending'),
(421, '2023-08-14', '2023-08-22', 'Cancelled', 'Pending'),
(273, '2024-06-15', '2024-06-23', 'Pending', 'Overdue'),
(434, '2024-02-27', '2024-03-06', 'PickedUp', 'Pending'),
(460, '2023-05-10', '2023-05-18', 'Pending', 'Overdue'),
(313, '2024-08-19', '2024-08-29', 'PickedUp', 'Pending'),
(246, '2023-10-09', '2023-10-19', 'PickedUp', 'Paid'),
(474, '2024-06-22', '2024-06-30', 'Pending', 'Overdue'),
(243, '2024-01-26', '2024-02-05', 'PickedUp', 'Overdue'),
(408, '2024-01-25', '2024-02-01', 'Cancelled', 'Pending'),
(303, '2025-01-29', '2025-02-08', 'Pending', 'Pending'),
(324, '2023-11-28', '2023-12-08', 'Pending', 'Paid'),
(210, '2025-01-23', '2025-02-02', 'Pending', 'Overdue'),
(387, '2024-04-22', '2024-04-29', 'PickedUp', 'Pending'),
(231, '2023-10-22', '2023-10-29', 'PickedUp', 'Paid'),
(356, '2024-09-09', '2024-09-19', 'Pending', 'Paid'),
(260, '2024-07-16', '2024-07-24', 'Cancelled', 'Pending'),
(449, '2023-09-30', '2023-10-08', 'PickedUp', 'Pending'),
(470, '2025-01-07', '2025-01-17', 'PickedUp', 'Pending'),
(417, '2025-04-02', '2025-04-11', 'PickedUp', 'Pending'),
(202, '2024-01-13', '2024-01-20', 'PickedUp', 'Overdue'),
(224, '2024-08-21', '2024-08-29', 'PickedUp', 'Pending'),
(406, '2024-04-10', '2024-04-18', 'Pending', 'Paid'),
(399, '2023-12-03', '2023-12-11', 'PickedUp', 'Paid'),
(314, '2023-09-29', '2023-10-06', 'PickedUp', 'Pending'),
(480, '2023-06-10', '2023-06-17', 'Pending', 'Overdue'),
(355, '2024-07-05', '2024-07-14', 'Pending', 'Pending'),
(365, '2024-06-24', '2024-07-03', 'PickedUp', 'Paid'),
(422, '2024-04-03', '2024-04-11', 'PickedUp', 'Pending'),
(291, '2024-02-11', '2024-02-19', 'PickedUp', 'Paid'),
(367, '2024-11-10', '2024-11-20', 'PickedUp', 'Paid'),
(407, '2025-03-31', '2025-04-10', 'PickedUp', 'Pending'),
(482, '2025-03-15', '2025-03-23', 'PickedUp', 'Overdue'),
(265, '2024-05-14', '2024-05-22', 'Pending', 'Pending'),
(204, '2023-08-18', '2023-08-25', 'Pending', 'Pending'),
(357, '2025-03-04', '2025-03-12', 'PickedUp', 'Pending'),
(449, '2024-06-05', '2024-06-15', 'Pending', 'Pending'),
(457, '2023-06-18', '2023-06-27', 'PickedUp', 'Paid'),
(435, '2024-11-20', '2024-11-27', 'PickedUp', 'Pending'),
(274, '2024-07-19', '2024-07-28', 'PickedUp', 'Paid'),
(387, '2024-02-02', '2024-02-10', 'Pending', 'Overdue'),
(262, '2023-10-12', '2023-10-21', 'PickedUp', 'Pending'),
(364, '2024-03-30', '2024-04-08', 'PickedUp', 'Pending'),
(256, '2025-04-05', '2025-04-12', 'PickedUp', 'Overdue'),
(311, '2024-12-26', '2025-01-05', 'PickedUp', 'Overdue'),
(418, '2023-10-14', '2023-10-22', 'Cancelled', 'Pending'),
(440, '2024-10-25', '2024-11-02', 'PickedUp', 'Overdue'),
(221, '2023-05-16', '2023-05-23', 'Pending', 'Pending'),
(341, '2024-01-03', '2024-01-11', 'PickedUp', 'Paid'),
(465, '2023-11-25', '2023-12-04', 'PickedUp', 'Overdue'),
(339, '2024-05-12', '2024-05-20', 'PickedUp', 'Paid'),
(270, '2023-07-13', '2023-07-20', 'PickedUp', 'Overdue'),
(318, '2025-01-21', '2025-01-31', 'PickedUp', 'Overdue'),
(398, '2023-10-21', '2023-10-31', 'PickedUp', 'Pending'),
(405, '2024-07-27', '2024-08-03', 'PickedUp', 'Paid'),
(414, '2023-06-02', '2023-06-10', 'Pending', 'Paid'),
(256, '2023-08-14', '2023-08-23', 'PickedUp', 'Paid'),
(487, '2024-08-19', '2024-08-26', 'PickedUp', 'Pending'),
(493, '2023-11-06', '2023-11-16', 'PickedUp', 'Paid'),
(375, '2023-08-30', '2023-09-06', 'PickedUp', 'Paid'),
(328, '2024-06-06', '2024-06-15', 'PickedUp', 'Overdue'),
(492, '2024-07-29', '2024-08-08', 'Pending', 'Pending'),
(488, '2024-07-24', '2024-08-02', 'PickedUp', 'Pending'),
(426, '2023-05-13', '2023-05-23', 'PickedUp', 'Paid'),
(264, '2024-06-07', '2024-06-16', 'Pending', 'Pending'),
(248, '2023-05-05', '2023-05-14', 'PickedUp', 'Overdue'),
(402, '2023-10-27', '2023-11-06', 'Cancelled', 'Pending'),
(260, '2025-04-05', '2025-04-14', 'PickedUp', 'Overdue'),
(457, '2023-05-30', '2023-06-08', 'Cancelled', 'Pending'),
(265, '2023-06-19', '2023-06-26', 'Cancelled', 'Pending'),
(439, '2024-11-15', '2024-11-25', 'Pending', 'Overdue'),
(489, '2024-11-13', '2024-11-20', 'PickedUp', 'Pending'),
(238, '2024-09-14', '2024-09-23', 'PickedUp', 'Paid'),
(225, '2023-08-31', '2023-09-09', 'Pending', 'Overdue'),
(259, '2023-11-20', '2023-11-29', 'PickedUp', 'Paid'),
(497, '2023-07-24', '2023-08-01', 'Cancelled', 'Pending'),
(358, '2023-11-24', '2023-12-04', 'Pending', 'Pending'),
(257, '2023-07-26', '2023-08-03', 'Pending', 'Paid'),
(248, '2023-06-12', '2023-06-20', 'PickedUp', 'Pending'),
(256, '2024-12-19', '2024-12-27', 'PickedUp', 'Pending'),
(265, '2024-08-05', '2024-08-15', 'Pending', 'Pending'),
(468, '2023-06-28', '2023-07-07', 'Pending', 'Overdue'),
(269, '2025-04-13', '2025-04-21', 'Pending', 'Paid'),
(416, '2025-01-04', '2025-01-12', 'Pending', 'Pending'),
(289, '2024-12-08', '2024-12-15', 'PickedUp', 'Paid'),
(481, '2023-10-28', '2023-11-04', 'PickedUp', 'Paid'),
(457, '2023-07-05', '2023-07-15', 'Cancelled', 'Pending'),
(360, '2024-03-05', '2024-03-13', 'PickedUp', 'Pending'),
(434, '2024-04-27', '2024-05-05', 'Pending', 'Paid'),
(331, '2023-10-21', '2023-10-29', 'PickedUp', 'Paid'),
(249, '2023-06-23', '2023-07-01', 'Pending', 'Pending'),
(347, '2024-09-27', '2024-10-05', 'PickedUp', 'Paid'),
(202, '2024-03-02', '2024-03-12', 'PickedUp', 'Pending'),
(345, '2024-02-10', '2024-02-17', 'PickedUp', 'Paid'),
(261, '2024-10-27', '2024-11-04', 'PickedUp', 'Overdue'),
(473, '2024-12-02', '2024-12-10', 'Pending', 'Pending'),
(249, '2023-11-10', '2023-11-19', 'PickedUp', 'Paid'),
(331, '2023-07-19', '2023-07-28', 'PickedUp', 'Pending'),
(243, '2024-07-27', '2024-08-05', 'PickedUp', 'Overdue'),
(257, '2023-07-08', '2023-07-18', 'PickedUp', 'Pending'),
(250, '2024-02-01', '2024-02-11', 'PickedUp', 'Pending'),
(378, '2023-09-08', '2023-09-15', 'Pending', 'Pending'),
(493, '2023-05-07', '2023-05-14', 'PickedUp', 'Overdue'),
(246, '2024-04-02', '2024-04-09', 'PickedUp', 'Paid'),
(370, '2023-06-06', '2023-06-15', 'Pending', 'Pending'),
(471, '2023-11-27', '2023-12-06', 'Pending', 'Paid'),
(339, '2025-03-10', '2025-03-18', 'PickedUp', 'Paid'),
(447, '2024-09-17', '2024-09-26', 'PickedUp', 'Overdue'),
(348, '2024-10-27', '2024-11-04', 'Pending', 'Pending'),
(430, '2024-12-21', '2024-12-30', 'Pending', 'Pending'),
(480, '2023-08-08', '2023-08-17', 'Pending', 'Paid'),
(325, '2024-02-24', '2024-03-05', 'Pending', 'Overdue'),
(392, '2023-12-21', '2023-12-30', 'PickedUp', 'Pending'),
(280, '2024-06-12', '2024-06-20', 'Cancelled', 'Pending'),
(294, '2023-08-25', '2023-09-01', 'Pending', 'Pending'),
(426, '2024-04-24', '2024-05-04', 'PickedUp', 'Pending'),
(265, '2024-12-19', '2024-12-28', 'PickedUp', 'Pending'),
(288, '2023-07-20', '2023-07-27', 'Pending', 'Paid'),
(500, '2024-04-01', '2024-04-08', 'Paid', 'PickedUp');

INSERT INTO IndividualCustomers (PersonID)
SELECT PersonID
FROM Customers
WHERE CustomerType = 'Individual';

-- Correctly insert 75 Company Customers into CompanyCustomers table

INSERT INTO CompanyCustomers (PersonID, CompanyName, TaxID) VALUES
(207, 'Apex Solutions', '12-3456789'),
(210, 'Summit Industries', '23-4567890'),
(212, 'Vertex Technologies', '34-5678901'),
(227, 'Pioneer Logistics', '45-6789012'),
(229, 'Quantum Dynamics', '56-7890123'),
(235, 'Silverline Manufacturing', '67-8901234'),
(240, 'BlueRock Systems', '78-9012345'),
(241, 'Evergreen Enterprises', '89-0123456'),
(246, 'Crestwood Global', '90-1234567'),
(252, 'NorthPoint Resources', '12-2345678'),
(253, 'Lighthouse Solutions', '23-3456789'),
(255, 'RedRiver Partners', '34-4567890'),
(256, 'SummitStone Networks', '45-5678901'),
(258, 'NextGen Materials', '56-6789012'),
(265, 'Zenith Horizons', '67-7890123'),
(267, 'Ironclad Technologies', '78-8901234'),
(269, 'Cobalt Enterprises', '89-9012345'),
(273, 'Radiant Ventures', '90-0123456'),
(279, 'Everest Capital', '12-1234567'),
(281, 'Sapphire Labs', '23-2345678'),
(288, 'Granite Holdings', '34-3456789'),
(289, 'Aurora Systems', '45-4567890'),
(292, 'Orion Industries', '56-5678901'),
(293, 'Nimbus Innovations', '67-6789012'),
(295, 'Falcon Technologies', '78-7890123'),
(299, 'Atlas Partners', '89-8901234'),
(300, 'Solaris Dynamics', '90-9012345'),
(303, 'Zephyr Logistics', '12-0123456'),
(307, 'Vanguard Systems', '23-1234567'),
(310, 'Cresta Global', '34-2345678'),
(311, 'Bluewave Networks', '45-3456789'),
(317, 'SilverPeak Enterprises', '56-4567890'),
(320, 'Helix Resources', '67-5678901'),
(322, 'Evermore Technologies', '78-6789012'),
(326, 'Crownstone Solutions', '89-7890123'),
(327, 'Infinity Works', '90-8901234'),
(332, 'Noble Ventures', '12-9012345'),
(338, 'Radiant Synergy', '23-0123456'),
(339, 'SummitWorks', '34-1234567'),
(353, 'Pinnacle Group', '45-2345678'),
(356, 'Brightline Industries', '56-3456789'),
(357, 'Skyward Technologies', '67-4567890'),
(366, 'Momentum Global', '78-5678901'),
(378, 'TerraNova Corp', '89-6789012'),
(382, 'EchoTech Enterprises', '90-7890123'),
(383, 'Mariner Solutions', '12-8901234'),
(384, 'FirstLight Systems', '23-9012345'),
(387, 'OmniCore Technologies', '34-0123456'),
(388, 'SkyBridge Innovations', '45-1234567'),
(391, 'SummitEdge Partners', '56-2345678'),
(394, 'BluePeak Resources', '67-3456789'),
(396, 'Optimus Global', '78-4567890'),
(404, 'PrimeStone Networks', '89-5678901'),
(410, 'FusionWorks', '90-6789012'),
(417, 'BrightStar Holdings', '12-7890123'),
(424, 'ZenCore Logistics', '23-8901234'),
(429, 'Elemental Ventures', '34-9012345'),
(430, 'Riverstone Industries', '45-0123456'),
(433, 'NorthWind Systems', '56-1234567'),
(446, 'NewHorizon Enterprises', '67-2345678'),
(450, 'BlueStream Technologies', '78-3456789'),
(451, 'AuroraPeak Partners', '89-4567890'),
(458, 'GlobalReach Logistics', '90-5678901'),
(460, 'RedSky Dynamics', '12-6789012'),
(462, 'SilverWave Solutions', '23-7890123'),
(473, 'NovaCore Systems', '34-8901234'),
(476, 'ClearView Resources', '45-9012345'),
(478, 'FirstSummit Technologies', '56-0123456'),
(479, 'InfinityEdge Ventures', '67-1234567'),
(482, 'WhiteRock Innovations', '78-2345678'),
(483, 'CloudPoint Global', '89-3456789'),
(485, 'BrightPath Industries', '90-4567890'),
(494, 'IronGate Partners', '12-5678901'),
(496, 'QuantumCore Dynamics', '23-6789012'),
(499, 'SummitReach Solutions', '34-7890123');


INSERT INTO OrderDetails (InvoiceNumber, ProductID, Quantity, UnitPrice) VALUES
(1, 11, 1, 15.73),
(237, 133, 3, 12.54),
(394, 194, 3, 14.11),
(423, 32, 1, 30.01),
(468, 147, 1, 36.92),
(59, 129, 2, 20.65),
(144, 137, 2, 29.77),
(351, 49, 1, 35.74),
(436, 156, 3, 34.51),
(332, 180, 2, 20.66),
(585, 84, 3, 25.83),
(12, 173, 1, 18.35),
(661, 87, 2, 39.43),
(162, 74, 2, 29.91),
(645, 152, 1, 11.87),
(372, 141, 2, 15.9),
(300, 185, 1, 27.2),
(644, 28, 2, 36.38),
(217, 124, 1, 27.18),
(585, 85, 2, 16.35),
(450, 39, 3, 34.76),
(648, 39, 3, 34.76),
(591, 4, 3, 18.16),
(329, 26, 2, 17.79),
(315, 87, 2, 39.43),
(363, 1, 1, 56.44),
(140, 65, 3, 32.87),
(283, 66, 1, 20.39),
(371, 85, 1, 16.35),
(153, 33, 1, 19.69),
(210, 105, 3, 29.08),
(492, 107, 3, 15.38),
(609, 43, 3, 12.02),
(350, 83, 1, 20.26),
(220, 110, 2, 30.03),
(334, 68, 3, 34.29),
(355, 35, 2, 38.32),
(98, 129, 2, 20.65),
(623, 102, 2, 29.46),
(439, 131, 1, 10.95),
(420, 5, 2, 30.77),
(235, 7, 3, 38.17),
(494, 17, 1, 140.75),
(49, 159, 1, 12.55),
(687, 100, 3, 30.73),
(47, 44, 3, 12.85),
(143, 176, 1, 18.98),
(501, 193, 3, 34.11),
(281, 182, 3, 11.88),
(615, 69, 1, 25.63),
(376, 85, 3, 16.35),
(159, 72, 2, 27.61),
(279, 132, 1, 38.47),
(536, 36, 2, 19.76),
(77, 191, 3, 19.07),
(583, 47, 1, 32.45),
(55, 157, 1, 35.58),
(243, 185, 3, 27.2),
(347, 26, 1, 17.79),
(357, 153, 3, 20.06),
(455, 17, 1, 140.75),
(345, 178, 1, 13.89),
(22, 16, 2, 29.86),
(413, 3, 3, 33.89),
(563, 52, 2, 11.21),
(683, 172, 2, 23.19),
(116, 198, 3, 28.72),
(666, 121, 2, 24.65),
(352, 124, 3, 27.18),
(411, 123, 2, 14.61),
(529, 195, 3, 27.42),
(284, 47, 3, 32.45),
(670, 143, 1, 18.6),
(668, 3, 3, 33.89),
(542, 114, 3, 33.37),
(522, 27, 2, 11.01),
(365, 91, 3, 27.79),
(219, 138, 1, 16.34),
(654, 14, 2, 27.86),
(42, 39, 2, 34.76),
(677, 122, 1, 22.06),
(440, 7, 2, 38.17),
(482, 193, 2, 34.11),
(466, 198, 2, 28.72),
(401, 55, 2, 10.67),
(409, 159, 1, 12.55),
(45, 81, 1, 29.28),
(454, 71, 2, 35.93),
(650, 147, 2, 36.92),
(698, 121, 1, 24.65),
(172, 139, 1, 35.89),
(367, 94, 1, 30.24),
(613, 44, 2, 12.85),
(362, 21, 2, 12.65),
(341, 70, 3, 28.74),
(241, 53, 1, 22.34),
(597, 71, 2, 35.93),
(409, 161, 1, 12.13),
(555, 193, 2, 34.11),
(309, 143, 1, 18.6),
(27, 60, 2, 29.63),
(75, 166, 3, 13.03),
(404, 181, 3, 30.22),
(402, 169, 1, 39.19),
(418, 69, 2, 25.63),
(651, 60, 2, 29.63),
(158, 128, 1, 27.79),
(524, 102, 2, 29.46),
(16, 20, 1, 15.63),
(554, 180, 2, 20.66),
(231, 194, 1, 14.11),
(73, 34, 2, 36.94),
(604, 87, 1, 39.43),
(318, 132, 2, 38.47),
(407, 42, 3, 27.3),
(144, 37, 2, 37.03),
(477, 99, 1, 25.0),
(74, 157, 3, 35.58),
(164, 11, 2, 15.73),
(258, 133, 3, 12.54),
(262, 190, 2, 24.54),
(28, 166, 3, 13.03),
(578, 74, 1, 29.91),
(236, 153, 2, 20.06),
(320, 164, 2, 24.07),
(28, 70, 1, 28.74),
(233, 106, 3, 27.98),
(206, 152, 1, 11.87),
(657, 176, 1, 18.98),
(368, 39, 3, 34.76),
(304, 32, 1, 30.01),
(288, 12, 2, 30.84),
(492, 16, 2, 29.86),
(444, 4, 2, 18.16),
(326, 14, 1, 27.86),
(249, 29, 2, 17.3),
(444, 140, 2, 36.58),
(693, 104, 2, 14.69),
(72, 191, 2, 19.07),
(61, 128, 2, 27.79),
(251, 78, 2, 21.68),
(430, 154, 1, 12.01),
(417, 75, 2, 32.7),
(495, 71, 2, 35.93),
(480, 15, 3, 17.94),
(1, 187, 1, 35.94),
(415, 72, 1, 27.61),
(318, 44, 1, 12.85),
(567, 128, 1, 27.79),
(16, 117, 2, 35.14),
(655, 126, 2, 37.64),
(442, 153, 3, 20.06),
(615, 194, 3, 14.11),
(154, 45, 1, 39.97),
(268, 26, 3, 17.79),
(582, 27, 3, 11.01),
(2, 57, 1, 33.51),
(175, 109, 1, 23.66),
(657, 72, 3, 27.61),
(614, 181, 2, 30.22),
(49, 40, 3, 35.35),
(677, 151, 3, 35.42),
(65, 69, 2, 25.63),
(656, 110, 2, 30.03),
(114, 60, 1, 29.63),
(220, 11, 1, 15.73),
(118, 65, 3, 32.87),
(71, 61, 2, 16.96),
(538, 95, 1, 30.33),
(281, 3, 3, 33.89),
(287, 72, 2, 27.61),
(540, 188, 3, 14.65),
(350, 43, 1, 12.02),
(214, 57, 1, 33.51),
(201, 194, 2, 14.11),
(608, 85, 3, 16.35),
(235, 86, 2, 39.87),
(278, 190, 1, 24.54),
(156, 36, 1, 19.76),
(454, 67, 3, 35.11),
(434, 124, 3, 27.18),
(371, 45, 3, 39.97),
(143, 14, 2, 27.86),
(339, 60, 3, 29.63),
(319, 105, 3, 29.08),
(64, 139, 1, 35.89),
(309, 31, 1, 11.17),
(293, 15, 3, 17.94),
(405, 12, 3, 30.84),
(228, 20, 1, 15.63),
(644, 88, 3, 29.49),
(655, 37, 2, 37.03),
(326, 135, 2, 36.43),
(82, 72, 2, 27.61),
(232, 167, 3, 15.02),
(228, 24, 1, 22.97),
(396, 181, 3, 30.22),
(160, 74, 3, 29.91),
(35, 82, 1, 29.29),
(443, 142, 1, 32.12),
(435, 60, 1, 29.63),
(619, 57, 2, 33.51),
(98, 44, 3, 12.85),
(276, 35, 1, 38.32),
(448, 53, 3, 22.34),
(358, 139, 2, 35.89),
(191, 20, 2, 15.63),
(537, 7, 1, 38.17),
(237, 156, 1, 34.51),
(411, 132, 2, 38.47),
(435, 72, 3, 27.61),
(298, 63, 1, 32.93),
(597, 40, 3, 35.35),
(198, 94, 1, 30.24),
(297, 113, 3, 10.57),
(236, 63, 3, 32.93),
(383, 190, 3, 24.54),
(193, 93, 3, 23.64),
(348, 15, 2, 17.94),
(374, 99, 3, 25.0),
(589, 106, 1, 27.98),
(343, 119, 2, 38.83),
(441, 129, 2, 20.65),
(555, 47, 3, 32.45),
(393, 40, 2, 35.35),
(126, 80, 3, 27.91),
(160, 192, 1, 26.9),
(50, 178, 3, 13.89),
(199, 131, 2, 10.95),
(587, 41, 1, 17.47),
(549, 39, 3, 34.76),
(333, 118, 1, 34.08),
(554, 175, 1, 19.79),
(612, 146, 2, 25.45),
(596, 63, 1, 32.93),
(200, 118, 2, 34.08),
(38, 128, 1, 27.79),
(641, 75, 3, 32.7),
(529, 66, 1, 20.39),
(366, 79, 3, 22.29),
(439, 127, 3, 27.5),
(307, 104, 1, 14.69),
(433, 105, 3, 29.08),
(650, 133, 1, 12.54),
(381, 49, 1, 35.74),
(99, 25, 3, 10.93),
(210, 157, 3, 35.58),
(51, 187, 2, 35.94),
(457, 197, 3, 14.32),
(165, 49, 2, 35.74),
(694, 121, 3, 24.65),
(12, 100, 1, 30.73),
(124, 46, 3, 19.8),
(537, 65, 1, 32.87),
(299, 67, 1, 35.11),
(516, 95, 1, 30.33),
(124, 8, 2, 29.09),
(669, 44, 3, 12.85),
(569, 74, 1, 29.91),
(489, 108, 1, 31.15),
(516, 157, 2, 35.58),
(100, 182, 3, 11.88),
(552, 84, 3, 25.83),
(301, 62, 2, 20.14),
(367, 180, 2, 20.66),
(316, 160, 3, 21.57),
(605, 122, 2, 22.06),
(396, 13, 3, 16.56),
(577, 113, 3, 10.57),
(65, 134, 1, 28.21),
(431, 38, 1, 39.88),
(94, 95, 3, 30.33),
(480, 73, 3, 27.43),
(85, 89, 3, 34.13),
(440, 143, 3, 18.6),
(145, 178, 3, 13.89),
(113, 42, 3, 27.3),
(10, 104, 2, 14.69),
(141, 79, 3, 22.29),
(470, 7, 2, 38.17),
(243, 176, 2, 18.98),
(21, 52, 3, 11.21),
(457, 193, 3, 34.11),
(518, 37, 2, 37.03),
(265, 30, 2, 26.72),
(239, 68, 3, 34.29),
(351, 25, 3, 10.93),
(566, 105, 2, 29.08),
(424, 129, 2, 20.65),
(670, 122, 2, 22.06),
(127, 49, 1, 35.74),
(504, 197, 2, 14.32),
(642, 78, 1, 21.68),
(421, 55, 3, 10.67),
(426, 53, 3, 22.34),
(30, 80, 2, 27.91),
(329, 190, 3, 24.54),
(408, 11, 3, 15.73),
(25, 51, 3, 17.24),
(194, 65, 3, 32.87),
(116, 69, 1, 25.63),
(379, 163, 1, 16.88),
(645, 116, 2, 30.99),
(550, 60, 2, 29.63),
(602, 45, 2, 39.97),
(551, 120, 3, 26.08),
(272, 180, 3, 20.66),
(522, 41, 1, 17.47),
(540, 15, 1, 17.94),
(485, 35, 2, 38.32),
(214, 3, 1, 33.89),
(681, 99, 1, 25.0),
(406, 174, 1, 33.95),
(622, 34, 1, 36.94),
(591, 86, 1, 39.87),
(31, 137, 2, 29.77),
(617, 150, 2, 23.95),
(277, 81, 1, 29.28),
(324, 98, 2, 15.02),
(689, 174, 3, 33.95),
(518, 1, 2, 56.44),
(534, 86, 1, 39.87),
(121, 3, 3, 33.89),
(290, 159, 2, 12.55),
(25, 43, 2, 12.02),
(87, 125, 3, 18.31),
(544, 36, 2, 19.76),
(462, 150, 1, 23.95),
(406, 121, 3, 24.65),
(321, 186, 1, 20.28),
(272, 55, 3, 10.67),
(296, 44, 2, 12.85),
(212, 186, 3, 20.28),
(437, 77, 3, 31.22),
(2, 192, 1, 26.9),
(402, 187, 2, 35.94),
(404, 19, 1, 32.83),
(139, 125, 2, 18.31),
(130, 49, 1, 35.74),
(690, 50, 3, 39.93),
(21, 141, 1, 15.9),
(601, 178, 2, 13.89),
(317, 35, 2, 38.32),
(427, 126, 3, 37.64),
(673, 27, 2, 11.01),
(562, 53, 1, 22.34),
(392, 191, 3, 19.07),
(604, 50, 2, 39.93),
(535, 127, 2, 27.5),
(370, 114, 1, 33.37),
(499, 180, 1, 20.66),
(306, 63, 3, 32.93),
(475, 71, 2, 35.93),
(390, 54, 1, 13.9),
(667, 14, 3, 27.86),
(576, 103, 2, 18.26),
(59, 172, 2, 23.19),
(275, 70, 3, 28.74),
(429, 121, 3, 24.65),
(298, 152, 1, 11.87),
(661, 45, 2, 39.97),
(621, 138, 2, 16.34),
(247, 58, 2, 26.99),
(311, 136, 3, 36.49),
(487, 45, 1, 39.97),
(188, 136, 2, 36.49),
(147, 121, 3, 24.65),
(256, 130, 2, 11.56),
(536, 145, 1, 39.92),
(680, 32, 2, 30.01),
(520, 43, 1, 12.02),
(563, 85, 1, 16.35),
(63, 56, 2, 20.81),
(455, 90, 2, 31.45),
(557, 13, 1, 16.56),
(19, 155, 3, 39.26),
(9, 183, 1, 16.32),
(633, 118, 2, 34.08),
(196, 81, 2, 29.28),
(467, 155, 3, 39.26),
(247, 146, 1, 25.45),
(622, 82, 1, 29.29),
(53, 81, 1, 29.28),
(353, 70, 2, 28.74),
(353, 125, 1, 18.31),
(316, 154, 3, 12.01),
(560, 174, 2, 33.95),
(619, 175, 2, 19.79),
(89, 159, 1, 12.55),
(450, 70, 3, 28.74),
(204, 133, 2, 12.54),
(252, 102, 2, 29.46),
(633, 107, 1, 15.38),
(562, 76, 1, 23.27),
(250, 100, 3, 30.73),
(244, 82, 1, 29.29),
(280, 68, 3, 34.29),
(344, 82, 2, 29.29),
(602, 196, 3, 25.17),
(256, 12, 3, 30.84),
(83, 41, 3, 17.47),
(183, 41, 2, 17.47),
(641, 158, 1, 38.14),
(271, 106, 2, 27.98),
(320, 173, 1, 18.35),
(238, 14, 3, 27.86),
(669, 190, 3, 24.54),
(257, 173, 3, 18.35),
(665, 189, 3, 12.48),
(129, 192, 3, 26.9),
(297, 39, 1, 34.76),
(99, 65, 1, 32.87),
(592, 99, 3, 25.0),
(37, 30, 2, 26.72),
(613, 5, 2, 30.77),
(541, 55, 3, 10.67),
(485, 57, 1, 33.51),
(469, 177, 2, 16.98),
(507, 144, 2, 34.08),
(22, 80, 2, 27.91),
(553, 124, 3, 27.18),
(679, 10, 2, 18.09),
(134, 51, 2, 17.24),
(170, 46, 2, 19.8),
(215, 23, 2, 21.05),
(262, 109, 1, 23.66),
(565, 160, 3, 21.57),
(573, 169, 3, 39.19),
(296, 43, 1, 12.02),
(456, 150, 1, 23.95),
(148, 130, 3, 11.56),
(472, 96, 2, 21.19),
(618, 13, 2, 16.56),
(249, 21, 3, 12.65),
(139, 144, 2, 34.08),
(84, 71, 1, 35.93),
(636, 151, 2, 35.42),
(198, 142, 2, 32.12),
(194, 195, 2, 27.42),
(683, 199, 3, 18.21),
(426, 81, 1, 29.28),
(620, 21, 2, 12.65),
(279, 140, 3, 36.58),
(208, 33, 2, 19.69),
(535, 152, 1, 11.87),
(50, 192, 2, 26.9),
(300, 60, 1, 29.63),
(465, 164, 2, 24.07),
(399, 168, 1, 14.42),
(620, 54, 2, 13.9),
(180, 185, 1, 27.2),
(608, 1, 2, 56.44),
(405, 188, 2, 14.65),
(512, 77, 2, 31.22),
(668, 153, 3, 20.06),
(47, 153, 3, 20.06),
(358, 55, 1, 10.67),
(63, 157, 2, 35.58),
(100, 48, 1, 34.2),
(15, 27, 3, 11.01),
(614, 61, 1, 16.96),
(17, 26, 1, 17.79),
(173, 32, 3, 30.01),
(18, 6, 1, 113.2),
(14, 126, 2, 37.64),
(381, 60, 1, 29.63),
(14, 18, 3, 33.34),
(370, 139, 2, 35.89),
(172, 126, 3, 37.64),
(566, 45, 1, 39.97),
(653, 48, 2, 34.2),
(496, 52, 2, 11.21),
(76, 58, 3, 26.99),
(527, 179, 3, 17.69),
(682, 30, 3, 26.72),
(577, 157, 2, 35.58),
(424, 85, 2, 16.35),
(178, 107, 1, 15.38),
(303, 92, 2, 11.6),
(690, 172, 1, 23.19),
(67, 174, 3, 33.95),
(369, 110, 3, 30.03),
(588, 11, 2, 15.73),
(265, 32, 3, 30.01),
(373, 169, 3, 39.19),
(154, 171, 2, 39.03),
(323, 75, 1, 32.7),
(496, 188, 2, 14.65),
(208, 180, 1, 20.66),
(442, 22, 2, 30.97),
(153, 109, 2, 23.66),
(438, 21, 3, 12.65),
(72, 149, 2, 39.2),
(42, 3, 2, 33.89),
(684, 91, 1, 27.79),
(218, 119, 3, 38.83),
(282, 189, 1, 12.48),
(497, 164, 1, 24.07),
(494, 173, 3, 18.35),
(138, 144, 3, 34.08),
(75, 128, 3, 27.79),
(2, 96, 1, 21.19),
(3, 163, 3, 16.88),
(4, 65, 3, 32.87),
(5, 32, 3, 30.01),
(6, 133, 2, 12.54),
(7, 161, 1, 12.13),
(8, 3, 3, 33.89),
(9, 102, 2, 29.46),
(10, 81, 1, 29.28),
(11, 56, 2, 20.81),
(12, 111, 1, 35.12),
(13, 43, 2, 12.02),
(14, 93, 1, 23.64),
(15, 190, 1, 24.54),
(16, 32, 2, 30.01),
(17, 16, 3, 29.86),
(18, 138, 1, 16.34),
(19, 58, 3, 26.99),
(20, 86, 2, 39.87),
(21, 100, 3, 30.73),
(22, 100, 3, 30.73),
(23, 175, 3, 19.79),
(24, 190, 3, 24.54),
(25, 20, 3, 15.63),
(26, 29, 1, 17.3),
(27, 66, 1, 20.39),
(28, 171, 1, 39.03),
(29, 171, 2, 39.03),
(30, 16, 3, 29.86),
(31, 155, 1, 39.26),
(32, 25, 2, 10.93),
(33, 5, 1, 30.77),
(34, 103, 1, 18.26),
(35, 28, 3, 36.38),
(36, 103, 2, 18.26),
(37, 115, 3, 28.29),
(38, 126, 3, 37.64),
(39, 110, 1, 30.03),
(40, 127, 3, 27.5),
(41, 153, 2, 20.06),
(42, 177, 3, 16.98),
(43, 111, 3, 35.12),
(44, 33, 3, 19.69),
(45, 51, 1, 17.24),
(46, 136, 2, 36.49),
(47, 50, 1, 39.93),
(48, 69, 1, 25.63),
(49, 108, 1, 31.15),
(50, 181, 1, 30.22),
(51, 48, 1, 34.2),
(52, 151, 2, 35.42),
(53, 54, 3, 13.9),
(54, 151, 1, 35.42),
(55, 64, 1, 28.71),
(56, 29, 2, 17.3),
(57, 116, 2, 30.99),
(58, 73, 3, 27.43),
(59, 112, 2, 15.09),
(60, 98, 3, 15.02),
(61, 1, 2, 56.44),
(62, 93, 1, 23.64),
(63, 48, 1, 34.2),
(64, 111, 3, 35.12),
(65, 36, 2, 19.76),
(66, 106, 3, 27.98),
(67, 150, 2, 23.95),
(68, 63, 1, 32.93),
(69, 19, 2, 32.83),
(70, 32, 3, 30.01),
(71, 123, 3, 14.61),
(72, 15, 1, 17.94),
(73, 151, 2, 35.42),
(74, 57, 2, 33.51),
(75, 65, 2, 32.87),
(76, 78, 1, 21.68),
(77, 12, 2, 30.84),
(78, 146, 3, 25.45),
(79, 19, 2, 32.83),
(80, 153, 1, 20.06),
(81, 91, 2, 27.79),
(82, 97, 2, 38.25),
(83, 31, 3, 11.17),
(84, 122, 2, 22.06),
(85, 126, 3, 37.64),
(86, 160, 3, 21.57),
(87, 147, 1, 36.92),
(88, 14, 3, 27.86),
(89, 150, 3, 23.95),
(90, 53, 1, 22.34),
(91, 38, 3, 39.88),
(92, 123, 1, 14.61),
(93, 111, 2, 35.12),
(94, 51, 1, 17.24),
(95, 186, 3, 20.28),
(96, 94, 1, 30.24),
(97, 12, 3, 30.84),
(98, 190, 2, 24.54),
(99, 4, 1, 18.16),
(100, 111, 2, 35.12),
(101, 159, 3, 12.55),
(102, 21, 3, 12.65),
(103, 131, 2, 10.95),
(104, 145, 1, 39.92),
(105, 47, 1, 32.45),
(106, 167, 3, 15.02),
(107, 65, 2, 32.87),
(108, 152, 2, 11.87),
(109, 30, 1, 26.72),
(110, 11, 1, 15.73),
(111, 136, 1, 36.49),
(112, 25, 2, 10.93),
(113, 103, 1, 18.26),
(114, 191, 1, 19.07),
(115, 174, 3, 33.95),
(116, 147, 1, 36.92),
(117, 49, 1, 35.74),
(118, 14, 2, 27.86),
(119, 4, 2, 18.16),
(120, 91, 3, 27.79),
(121, 47, 1, 32.45),
(122, 84, 3, 25.83),
(123, 199, 2, 18.21),
(124, 34, 3, 36.94),
(125, 135, 2, 36.43),
(126, 127, 3, 27.5),
(127, 98, 3, 15.02),
(128, 48, 1, 34.2),
(129, 168, 3, 14.42),
(130, 126, 1, 37.64),
(131, 103, 1, 18.26),
(132, 164, 1, 24.07),
(133, 63, 1, 32.93),
(134, 168, 3, 14.42),
(135, 40, 2, 35.35),
(136, 38, 2, 39.88),
(137, 96, 2, 21.19),
(138, 179, 3, 17.69),
(139, 25, 1, 10.93),
(140, 122, 2, 22.06),
(141, 198, 3, 28.72),
(142, 168, 1, 14.42),
(143, 6, 1, 113.2),
(144, 95, 2, 30.33),
(145, 191, 1, 19.07),
(146, 35, 2, 38.32),
(147, 115, 2, 28.29),
(148, 60, 2, 29.63),
(149, 168, 1, 14.42),
(150, 118, 3, 34.08),
(151, 3, 1, 33.89),
(152, 73, 2, 27.43),
(153, 19, 1, 32.83),
(154, 155, 3, 39.26),
(155, 126, 1, 37.64),
(156, 104, 3, 14.69),
(157, 53, 3, 22.34),
(158, 32, 1, 30.01),
(159, 64, 2, 28.71),
(160, 45, 3, 39.97),
(161, 94, 1, 30.24),
(162, 93, 3, 23.64),
(163, 143, 2, 18.6),
(164, 178, 1, 13.89),
(165, 118, 1, 34.08),
(166, 103, 1, 18.26),
(167, 86, 2, 39.87),
(168, 108, 3, 31.15),
(169, 160, 1, 21.57),
(170, 86, 3, 39.87),
(171, 49, 3, 35.74),
(172, 82, 2, 29.29),
(173, 10, 1, 18.09),
(174, 140, 3, 36.58),
(175, 92, 1, 11.6),
(176, 194, 1, 14.11),
(177, 64, 2, 28.71),
(178, 75, 1, 32.7),
(179, 82, 1, 29.29),
(180, 5, 3, 30.77),
(181, 103, 2, 18.26),
(182, 123, 1, 14.61),
(183, 3, 3, 33.89),
(184, 88, 2, 29.49),
(185, 47, 2, 32.45),
(186, 184, 3, 34.27),
(187, 70, 3, 28.74),
(188, 159, 3, 12.55),
(189, 141, 3, 15.9),
(190, 31, 3, 11.17),
(191, 56, 1, 20.81),
(192, 36, 1, 19.76),
(193, 154, 2, 12.01),
(194, 21, 1, 12.65),
(195, 198, 1, 28.72),
(196, 197, 1, 14.32),
(197, 172, 3, 23.19),
(198, 80, 2, 27.91),
(199, 37, 2, 37.03),
(200, 44, 2, 12.85),
(201, 35, 2, 38.32),
(202, 5, 1, 30.77),
(203, 111, 1, 35.12),
(204, 14, 3, 27.86),
(205, 114, 2, 33.37),
(206, 181, 1, 30.22),
(207, 86, 1, 39.87),
(208, 39, 3, 34.76),
(209, 49, 3, 35.74),
(210, 184, 3, 34.27),
(211, 104, 1, 14.69),
(212, 7, 1, 38.17),
(213, 195, 3, 27.42),
(214, 50, 2, 39.93),
(215, 132, 1, 38.47),
(216, 29, 3, 17.3),
(217, 5, 3, 30.77),
(218, 41, 3, 17.47),
(219, 146, 1, 25.45),
(220, 8, 2, 29.09),
(221, 136, 3, 36.49),
(222, 107, 2, 15.38),
(223, 57, 2, 33.51),
(224, 114, 2, 33.37),
(225, 101, 3, 30.91),
(226, 103, 1, 18.26),
(227, 124, 3, 27.18),
(228, 41, 2, 17.47),
(229, 128, 2, 27.79),
(230, 162, 1, 16.32),
(231, 156, 3, 34.51),
(232, 80, 2, 27.91),
(233, 135, 1, 36.43),
(234, 32, 2, 30.01),
(235, 129, 1, 20.65),
(236, 176, 1, 18.98),
(237, 165, 3, 18.06),
(238, 43, 2, 12.02),
(239, 112, 3, 15.09),
(240, 52, 2, 11.21),
(241, 180, 3, 20.66),
(242, 37, 2, 37.03),
(243, 72, 3, 27.61),
(244, 168, 1, 14.42),
(245, 102, 2, 29.46),
(246, 107, 2, 15.38),
(247, 104, 1, 14.69),
(248, 65, 3, 32.87),
(249, 133, 2, 12.54),
(250, 50, 2, 39.93),
(251, 7, 3, 38.17),
(252, 74, 1, 29.91),
(253, 70, 3, 28.74),
(254, 73, 3, 27.43),
(255, 17, 1, 140.75),
(256, 171, 3, 39.03),
(257, 188, 2, 14.65),
(258, 20, 1, 15.63),
(259, 135, 1, 36.43),
(260, 3, 3, 33.89),
(261, 10, 2, 18.09),
(262, 88, 3, 29.49),
(263, 28, 2, 36.38),
(264, 92, 2, 11.6),
(265, 71, 2, 35.93),
(266, 126, 2, 37.64),
(267, 15, 1, 17.94),
(268, 117, 2, 35.14),
(269, 101, 2, 30.91),
(270, 7, 3, 38.17),
(271, 172, 3, 23.19),
(272, 98, 1, 15.02),
(273, 120, 3, 26.08),
(274, 174, 2, 33.95),
(275, 42, 3, 27.3),
(276, 14, 1, 27.86),
(277, 198, 3, 28.72),
(278, 72, 3, 27.61),
(279, 138, 1, 16.34),
(280, 40, 1, 35.35),
(281, 84, 2, 25.83),
(282, 92, 3, 11.6),
(283, 136, 2, 36.49),
(284, 187, 3, 35.94),
(285, 182, 3, 11.88),
(286, 62, 2, 20.14),
(287, 181, 3, 30.22),
(288, 197, 3, 14.32),
(289, 165, 3, 18.06),
(290, 158, 1, 38.14),
(291, 132, 2, 38.47),
(292, 74, 1, 29.91),
(293, 193, 2, 34.11),
(294, 91, 2, 27.79),
(295, 72, 3, 27.61),
(296, 59, 2, 19.38),
(297, 146, 1, 25.45),
(298, 17, 1, 140.75),
(299, 112, 1, 15.09),
(300, 92, 1, 11.6),
(301, 11, 2, 15.73),
(302, 83, 1, 20.26),
(303, 70, 2, 28.74),
(304, 8, 1, 29.09),
(305, 71, 1, 35.93),
(306, 93, 2, 23.64),
(307, 19, 1, 32.83),
(308, 124, 3, 27.18),
(309, 80, 2, 27.91),
(310, 72, 2, 27.61),
(311, 111, 2, 35.12),
(312, 180, 3, 20.66),
(313, 20, 2, 15.63),
(314, 30, 1, 26.72),
(315, 24, 1, 22.97),
(316, 198, 1, 28.72),
(317, 133, 2, 12.54),
(318, 188, 1, 14.65),
(319, 168, 2, 14.42),
(320, 48, 1, 34.2),
(321, 74, 3, 29.91),
(322, 79, 3, 22.29),
(323, 6, 1, 113.2),
(324, 174, 3, 33.95),
(325, 29, 3, 17.3),
(326, 76, 2, 23.27),
(327, 146, 1, 25.45),
(328, 150, 3, 23.95),
(329, 72, 2, 27.61),
(330, 118, 3, 34.08),
(331, 32, 3, 30.01),
(332, 23, 2, 21.05),
(333, 126, 2, 37.64),
(334, 30, 1, 26.72),
(335, 179, 1, 17.69),
(336, 182, 3, 11.88),
(337, 61, 3, 16.96),
(338, 140, 1, 36.58),
(339, 120, 1, 26.08),
(340, 98, 2, 15.02),
(341, 80, 1, 27.91),
(342, 141, 1, 15.9),
(343, 163, 3, 16.88),
(344, 4, 1, 18.16),
(345, 104, 3, 14.69),
(346, 66, 1, 20.39),
(347, 45, 2, 39.97),
(348, 146, 1, 25.45),
(349, 200, 1, 24.64),
(350, 56, 1, 20.81),
(351, 110, 3, 30.03),
(352, 145, 2, 39.92),
(353, 111, 1, 35.12),
(354, 72, 3, 27.61),
(355, 127, 2, 27.5),
(356, 80, 3, 27.91),
(357, 77, 3, 31.22),
(358, 122, 2, 22.06),
(359, 136, 1, 36.49),
(360, 118, 3, 34.08),
(361, 29, 3, 17.3),
(362, 14, 1, 27.86),
(363, 59, 1, 19.38),
(364, 162, 2, 16.32),
(365, 65, 2, 32.87),
(366, 145, 2, 39.92),
(367, 92, 1, 11.6),
(368, 60, 3, 29.63),
(369, 136, 3, 36.49),
(370, 162, 2, 16.32),
(371, 129, 1, 20.65),
(372, 11, 3, 15.73),
(373, 197, 2, 14.32),
(374, 171, 3, 39.03),
(375, 62, 3, 20.14),
(376, 172, 1, 23.19),
(377, 134, 1, 28.21),
(378, 162, 3, 16.32),
(379, 200, 2, 24.64),
(380, 14, 1, 27.86),
(381, 19, 3, 32.83),
(382, 40, 1, 35.35),
(383, 73, 1, 27.43),
(384, 37, 1, 37.03),
(385, 57, 3, 33.51),
(386, 75, 2, 32.7),
(387, 33, 2, 19.69),
(388, 88, 2, 29.49),
(389, 199, 1, 18.21),
(390, 96, 3, 21.19),
(391, 199, 1, 18.21),
(392, 186, 2, 20.28),
(393, 183, 2, 16.32),
(394, 52, 3, 11.21),
(395, 94, 1, 30.24),
(396, 19, 2, 32.83),
(397, 66, 3, 20.39),
(398, 156, 1, 34.51),
(399, 13, 1, 16.56),
(400, 181, 2, 30.22),
(401, 10, 2, 18.09),
(402, 95, 1, 30.33),
(403, 14, 1, 27.86),
(404, 199, 2, 18.21),
(405, 172, 1, 23.19),
(406, 6, 1, 113.2),
(407, 140, 2, 36.58),
(408, 33, 1, 19.69),
(409, 195, 2, 27.42),
(410, 139, 3, 35.89),
(411, 164, 2, 24.07),
(412, 130, 2, 11.56),
(413, 157, 3, 35.58),
(414, 55, 1, 10.67),
(415, 156, 3, 34.51),
(416, 151, 2, 35.42),
(417, 11, 1, 15.73),
(418, 20, 3, 15.63),
(419, 158, 1, 38.14),
(420, 24, 1, 22.97),
(421, 81, 3, 29.28),
(422, 111, 1, 35.12),
(423, 113, 3, 10.57),
(424, 154, 2, 12.01),
(425, 91, 1, 27.79),
(426, 55, 2, 10.67),
(427, 191, 2, 19.07),
(428, 162, 1, 16.32),
(429, 36, 3, 19.76),
(430, 174, 1, 33.95),
(431, 26, 2, 17.79),
(432, 123, 2, 14.61),
(433, 122, 3, 22.06),
(434, 105, 1, 29.08),
(435, 191, 2, 19.07),
(436, 99, 2, 25.0),
(437, 44, 2, 12.85),
(438, 168, 3, 14.42),
(439, 130, 2, 11.56),
(440, 63, 2, 32.93),
(441, 109, 1, 23.66),
(442, 42, 1, 27.3),
(443, 78, 2, 21.68),
(444, 123, 2, 14.61),
(445, 53, 1, 22.34),
(446, 107, 3, 15.38),
(447, 30, 3, 26.72),
(448, 26, 3, 17.79),
(449, 173, 3, 18.35),
(450, 116, 3, 30.99),
(451, 145, 3, 39.92),
(452, 100, 3, 30.73),
(453, 54, 3, 13.9),
(454, 106, 1, 27.98),
(455, 28, 3, 36.38),
(456, 54, 3, 13.9),
(457, 122, 3, 22.06),
(458, 81, 2, 29.28),
(459, 105, 1, 29.08),
(460, 12, 1, 30.84),
(461, 126, 1, 37.64),
(462, 94, 3, 30.24),
(463, 140, 3, 36.58),
(464, 58, 2, 26.99),
(465, 169, 1, 39.19),
(466, 64, 3, 28.71),
(467, 196, 1, 25.17),
(468, 46, 2, 19.8),
(469, 66, 2, 20.39),
(470, 123, 2, 14.61),
(471, 165, 1, 18.06),
(472, 167, 3, 15.02),
(473, 98, 3, 15.02),
(474, 53, 2, 22.34),
(475, 42, 3, 27.3),
(476, 168, 2, 14.42),
(477, 14, 1, 27.86),
(478, 50, 2, 39.93),
(479, 15, 1, 17.94),
(480, 71, 2, 35.93),
(481, 149, 3, 39.2),
(482, 85, 3, 16.35),
(483, 127, 2, 27.5),
(484, 81, 3, 29.28),
(485, 61, 3, 16.96),
(486, 81, 3, 29.28),
(487, 134, 1, 28.21),
(488, 199, 3, 18.21),
(489, 1, 1, 56.44),
(490, 192, 2, 26.9),
(491, 176, 3, 18.98),
(492, 27, 3, 11.01),
(493, 20, 3, 15.63),
(494, 177, 2, 16.98),
(495, 107, 1, 15.38),
(496, 116, 1, 30.99),
(497, 25, 3, 10.93),
(498, 144, 2, 34.08),
(499, 151, 2, 35.42),
(500, 174, 2, 33.95),
(501, 37, 2, 37.03),
(502, 150, 2, 23.95),
(503, 89, 1, 34.13),
(504, 34, 1, 36.94),
(505, 168, 1, 14.42),
(506, 26, 3, 17.79),
(507, 141, 2, 15.9),
(508, 114, 3, 33.37),
(509, 169, 2, 39.19),
(510, 116, 1, 30.99),
(511, 167, 3, 15.02),
(512, 73, 1, 27.43),
(513, 8, 2, 29.09),
(514, 155, 2, 39.26),
(515, 62, 2, 20.14),
(516, 38, 1, 39.88),
(517, 53, 2, 22.34),
(518, 187, 1, 35.94),
(519, 103, 3, 18.26),
(520, 8, 2, 29.09),
(521, 187, 2, 35.94),
(522, 127, 2, 27.5),
(523, 71, 3, 35.93),
(524, 116, 2, 30.99),
(525, 197, 1, 14.32),
(526, 118, 1, 34.08),
(527, 120, 2, 26.08),
(528, 55, 2, 10.67),
(529, 46, 3, 19.8),
(530, 154, 3, 12.01),
(531, 116, 3, 30.99),
(532, 169, 2, 39.19),
(533, 125, 3, 18.31),
(534, 59, 3, 19.38),
(535, 156, 1, 34.51),
(536, 45, 3, 39.97),
(537, 59, 1, 19.38),
(538, 42, 1, 27.3),
(539, 193, 3, 34.11),
(540, 45, 1, 39.97),
(541, 146, 2, 25.45),
(542, 27, 2, 11.01),
(543, 167, 3, 15.02),
(544, 196, 2, 25.17),
(545, 179, 1, 17.69),
(546, 28, 2, 36.38),
(547, 86, 3, 39.87),
(548, 113, 3, 10.57),
(549, 133, 1, 12.54),
(550, 123, 3, 14.61),
(551, 159, 2, 12.55),
(552, 179, 3, 17.69),
(553, 151, 1, 35.42),
(554, 200, 3, 24.64),
(555, 85, 2, 16.35),
(556, 10, 1, 18.09),
(557, 195, 2, 27.42),
(558, 111, 1, 35.12),
(559, 43, 3, 12.02),
(560, 14, 1, 27.86),
(561, 103, 1, 18.26),
(562, 11, 3, 15.73),
(563, 90, 2, 31.45),
(564, 197, 3, 14.32),
(565, 19, 1, 32.83),
(566, 47, 3, 32.45),
(567, 12, 1, 30.84),
(568, 73, 3, 27.43),
(569, 105, 3, 29.08),
(570, 136, 2, 36.49),
(571, 146, 1, 25.45),
(572, 132, 2, 38.47),
(573, 121, 2, 24.65),
(574, 118, 1, 34.08),
(575, 189, 3, 12.48),
(576, 68, 1, 34.29),
(577, 45, 2, 39.97),
(578, 96, 2, 21.19),
(579, 48, 2, 34.2),
(580, 3, 1, 33.89),
(581, 92, 2, 11.6),
(582, 28, 2, 36.38),
(583, 148, 2, 28.68),
(584, 161, 3, 12.13),
(585, 151, 3, 35.42),
(586, 42, 1, 27.3),
(587, 165, 1, 18.06),
(588, 44, 2, 12.85),
(589, 54, 3, 13.9),
(590, 76, 2, 23.27),
(591, 80, 2, 27.91),
(592, 189, 3, 12.48),
(593, 67, 3, 35.11),
(594, 63, 3, 32.93),
(595, 8, 1, 29.09),
(596, 52, 1, 11.21),
(597, 133, 2, 12.54),
(598, 8, 1, 29.09),
(599, 137, 3, 29.77),
(600, 3, 3, 33.89),
(601, 95, 1, 30.33),
(602, 89, 2, 34.13),
(603, 159, 2, 12.55),
(604, 77, 1, 31.22),
(605, 135, 2, 36.43),
(606, 185, 2, 27.2),
(607, 24, 2, 22.97),
(608, 9, 3, 19.74),
(609, 126, 3, 37.64),
(610, 55, 1, 10.67),
(611, 79, 3, 22.29),
(612, 190, 2, 24.54),
(613, 148, 3, 28.68),
(614, 40, 1, 35.35),
(615, 14, 3, 27.86),
(616, 43, 2, 12.02),
(617, 85, 2, 16.35),
(618, 69, 1, 25.63),
(619, 142, 3, 32.12),
(620, 34, 3, 36.94),
(621, 34, 3, 36.94),
(622, 39, 2, 34.76),
(623, 6, 1, 113.2),
(624, 7, 1, 38.17),
(625, 124, 3, 27.18),
(626, 4, 2, 18.16),
(627, 60, 2, 29.63),
(628, 115, 2, 28.29),
(629, 156, 3, 34.51),
(630, 9, 3, 19.74),
(631, 118, 3, 34.08),
(632, 161, 3, 12.13),
(633, 7, 3, 38.17),
(634, 61, 3, 16.96),
(635, 145, 3, 39.92),
(636, 57, 3, 33.51),
(637, 142, 3, 32.12),
(638, 82, 2, 29.29),
(639, 41, 3, 17.47),
(640, 154, 1, 12.01),
(641, 111, 2, 35.12),
(642, 77, 3, 31.22),
(643, 103, 1, 18.26),
(644, 26, 3, 17.79),
(645, 197, 1, 14.32),
(646, 47, 1, 32.45),
(647, 168, 1, 14.42),
(648, 15, 1, 17.94),
(649, 38, 2, 39.88),
(650, 12, 2, 30.84),
(651, 87, 1, 39.43),
(652, 131, 3, 10.95),
(653, 136, 1, 36.49),
(654, 73, 2, 27.43),
(655, 31, 3, 11.17),
(656, 76, 2, 23.27),
(657, 39, 2, 34.76),
(658, 77, 3, 31.22),
(659, 53, 1, 22.34),
(660, 136, 1, 36.49),
(661, 146, 1, 25.45),
(662, 94, 1, 30.24),
(663, 131, 3, 10.95),
(664, 50, 3, 39.93),
(665, 180, 3, 20.66),
(666, 130, 2, 11.56),
(667, 68, 3, 34.29),
(668, 123, 1, 14.61),
(669, 193, 2, 34.11),
(670, 118, 1, 34.08),
(671, 144, 1, 34.08),
(672, 15, 3, 17.94),
(673, 143, 3, 18.6),
(674, 20, 1, 15.63),
(675, 168, 1, 14.42),
(676, 175, 2, 19.79),
(677, 57, 3, 33.51),
(678, 48, 2, 34.2),
(679, 7, 2, 38.17),
(680, 155, 2, 39.26),
(681, 19, 1, 32.83),
(682, 130, 2, 11.56),
(683, 174, 2, 33.95),
(684, 57, 1, 33.51),
(685, 126, 3, 37.64),
(686, 88, 3, 29.49),
(687, 1, 2, 56.44),
(688, 129, 1, 20.65),
(689, 89, 3, 34.13),
(690, 58, 2, 26.99),
(691, 120, 2, 26.08),
(692, 49, 1, 35.74),
(693, 37, 2, 37.03),
(694, 99, 3, 25.0),
(695, 63, 1, 32.93),
(696, 170, 3, 32.78),
(697, 143, 3, 18.6),
(698, 14, 3, 27.86),
(699, 45, 2, 39.97),
(700, 76, 2, 23.27);


INSERT INTO Pickups (OrderID, ScheduledDate, ScheduledByEmployeeID, PickedUpByCustomerID, Status) VALUES
(1, '2024-01-17', 100, 241, 'Scheduled'),
(2, '2023-10-09', 108, 415, 'Completed'),
(3, '2024-10-05', 68, 256, 'Completed'),
(4, '2023-11-24', 126, 436, 'Scheduled'),
(5, '2024-09-21', 78, 481, 'Scheduled'),
(6, '2023-09-18', 92, 305, 'Completed'),
(7, '2024-02-26', 56, 362, 'Scheduled'),
(8, '2024-04-01', 36, 391, 'Completed'),
(9, '2025-02-08', 36, 209, 'Cancelled'),
(10, '2023-11-11', 36, 260, 'Completed'),
(11, '2024-07-03', 28, 425, 'Completed'),
(12, '2024-05-30', 182, 388, 'Cancelled'),
(13, '2024-11-10', 130, 270, 'Scheduled'),
(14, '2024-10-24', 170, 493, 'Completed'),
(15, '2024-09-30', 148, 487, 'Scheduled'),
(16, '2024-11-28', 66, 369, 'Completed'),
(17, '2023-11-30', 58, 262, 'Scheduled'),
(18, '2023-09-15', 110, 214, 'Scheduled'),
(19, '2025-03-25', 88, 364, 'Scheduled'),
(20, '2024-10-10', 130, 445, 'Scheduled'),
(21, '2024-08-04', 96, 208, 'Scheduled'),
(22, '2024-08-02', 90, 354, 'Scheduled'),
(23, '2024-07-01', 140, 236, 'Completed'),
(24, '2024-12-19', 100, 248, 'Scheduled'),
(25, '2023-11-08', 72, 285, 'Completed'),
(26, '2023-11-23', 100, 228, 'Scheduled'),
(27, '2025-01-16', 100, 396, 'Completed'),
(28, '2024-03-22', 136, 408, 'Scheduled'),
(29, '2024-11-06', 84, 404, 'Completed'),
(30, '2024-06-03', 68, 304, 'Completed'),
(31, '2024-08-20', 148, 430, 'Completed'),
(32, '2023-08-31', 160, 301, 'Scheduled'),
(33, '2023-06-08', 120, 229, 'Completed'),
(34, '2024-08-25', 162, 327, 'Scheduled'),
(35, '2025-01-18', 58, 210, 'Scheduled'),
(36, '2023-09-21', 136, 306, 'Completed'),
(37, '2024-01-07', 194, 367, 'Completed'),
(38, '2024-08-21', 42, 457, 'Completed'),
(39, '2024-07-30', 198, 495, 'Scheduled'),
(40, '2025-02-07', 124, 477, 'Completed'),
(41, '2025-04-22', 176, 265, 'Completed'),
(42, '2024-08-26', 90, 471, 'Scheduled'),
(43, '2024-06-11', 46, 388, 'Completed'),
(44, '2024-04-04', 92, 338, 'Scheduled'),
(45, '2024-02-03', 194, 305, 'Completed'),
(46, '2024-11-20', 52, 234, 'Scheduled'),
(47, '2024-05-06', 98, 310, 'Scheduled'),
(48, '2023-07-22', 196, 233, 'Scheduled'),
(49, '2023-08-08', 108, 431, 'Completed'),
(50, '2025-03-29', 172, 466, 'Completed'),
(51, '2024-03-18', 100, 382, 'Cancelled'),
(52, '2024-08-25', 128, 265, 'Scheduled'),
(53, '2023-05-29', 110, 201, 'Scheduled'),
(54, '2025-04-25', 112, 333, 'Completed'),
(55, '2025-04-12', 44, 280, 'Completed'),
(56, '2024-03-12', 150, 471, 'Completed'),
(57, '2024-09-28', 68, 441, 'Completed'),
(58, '2023-12-28', 46, 228, 'Completed'),
(59, '2024-09-13', 76, 423, 'Scheduled'),
(60, '2024-09-29', 130, 223, 'Completed'),
(61, '2024-02-02', 164, 309, 'Completed'),
(62, '2023-08-12', 166, 307, 'Completed'),
(63, '2024-10-31', 140, 345, 'Cancelled'),
(64, '2025-03-01', 98, 339, 'Scheduled'),
(65, '2024-06-04', 90, 484, 'Completed'),
(66, '2024-03-23', 42, 498, 'Scheduled'),
(67, '2023-09-14', 100, 299, 'Scheduled'),
(68, '2024-08-24', 56, 323, 'Cancelled'),
(69, '2024-05-19', 100, 487, 'Completed'),
(70, '2023-12-02', 170, 281, 'Scheduled'),
(71, '2023-06-12', 114, 210, 'Scheduled'),
(72, '2024-06-29', 76, 208, 'Completed'),
(73, '2024-10-22', 112, 405, 'Completed'),
(74, '2024-09-22', 144, 397, 'Scheduled'),
(75, '2023-09-01', 128, 398, 'Scheduled'),
(76, '2024-05-07', 8, 230, 'Completed'),
(77, '2023-10-15', 102, 220, 'Completed'),
(78, '2025-02-20', 20, 248, 'Scheduled'),
(79, '2024-03-10', 104, 330, 'Completed'),
(80, '2024-11-06', 86, 493, 'Completed'),
(81, '2025-02-25', 150, 332, 'Completed'),
(82, '2025-01-23', 198, 254, 'Completed'),
(83, '2025-01-25', 26, 481, 'Scheduled'),
(84, '2024-07-05', 82, 465, 'Completed'),
(85, '2023-06-25', 170, 415, 'Completed'),
(86, '2023-07-22', 62, 490, 'Completed'),
(87, '2024-04-04', 70, 243, 'Completed'),
(88, '2024-09-27', 58, 274, 'Completed'),
(89, '2024-11-07', 168, 478, 'Completed'),
(90, '2023-12-03', 122, 442, 'Scheduled'),
(91, '2025-05-02', 146, 330, 'Completed'),
(92, '2024-07-29', 82, 394, 'Completed'),
(93, '2023-09-05', 58, 232, 'Completed'),
(94, '2025-01-27', 38, 306, 'Completed'),
(95, '2023-12-03', 146, 404, 'Completed'),
(96, '2024-07-01', 104, 201, 'Completed'),
(97, '2023-12-13', 92, 445, 'Completed'),
(98, '2023-08-12', 88, 272, 'Completed'),
(99, '2024-09-23', 56, 215, 'Scheduled'),
(100, '2024-03-07', 138, 253, 'Scheduled'),
(101, '2024-03-05', 98, 208, 'Scheduled'),
(102, '2024-10-12', 60, 246, 'Scheduled'),
(103, '2023-06-25', 108, 314, 'Scheduled'),
(104, '2023-09-28', 34, 347, 'Completed'),
(105, '2025-02-28', 20, 366, 'Completed'),
(106, '2023-12-10', 154, 339, 'Completed'),
(107, '2024-05-04', 152, 317, 'Completed'),
(108, '2023-06-21', 98, 499, 'Completed'),
(109, '2025-02-07', 50, 476, 'Scheduled'),
(110, '2024-02-15', 26, 477, 'Completed'),
(111, '2024-12-08', 146, 378, 'Completed'),
(112, '2024-02-28', 162, 354, 'Scheduled'),
(113, '2024-10-20', 40, 401, 'Scheduled'),
(114, '2023-10-24', 10, 315, 'Completed'),
(115, '2024-09-01', 36, 359, 'Scheduled'),
(116, '2024-09-09', 82, 242, 'Completed'),
(117, '2024-05-04', 60, 447, 'Scheduled'),
(118, '2023-10-24', 162, 268, 'Completed'),
(119, '2023-09-06', 166, 396, 'Scheduled'),
(120, '2023-05-11', 154, 290, 'Completed'),
(121, '2024-04-23', 58, 311, 'Scheduled'),
(122, '2025-02-17', 42, 345, 'Completed'),
(123, '2024-05-05', 56, 475, 'Scheduled'),
(124, '2023-11-15', 146, 379, 'Completed'),
(125, '2024-01-29', 124, 441, 'Scheduled'),
(126, '2024-01-14', 66, 353, 'Completed'),
(127, '2024-03-12', 54, 304, 'Scheduled'),
(128, '2024-10-06', 56, 275, 'Completed'),
(129, '2025-01-12', 40, 328, 'Completed'),
(130, '2023-12-22', 108, 399, 'Scheduled'),
(131, '2023-09-27', 22, 354, 'Completed'),
(132, '2024-01-23', 188, 256, 'Completed'),
(133, '2023-05-30', 38, 478, 'Scheduled'),
(134, '2025-03-23', 40, 219, 'Completed'),
(135, '2023-06-08', 158, 359, 'Completed'),
(136, '2024-09-03', 120, 226, 'Completed'),
(137, '2025-02-11', 48, 369, 'Completed'),
(138, '2024-12-08', 164, 223, 'Completed'),
(139, '2023-11-25', 10, 247, 'Scheduled'),
(140, '2024-12-14', 116, 213, 'Completed'),
(141, '2025-04-01', 32, 417, 'Completed'),
(142, '2024-03-29', 152, 394, 'Scheduled'),
(143, '2025-03-23', 88, 344, 'Completed'),
(144, '2024-10-12', 10, 273, 'Scheduled'),
(145, '2024-03-14', 58, 356, 'Completed'),
(146, '2024-01-25', 36, 277, 'Completed'),
(147, '2025-04-18', 34, 369, 'Completed'),
(148, '2024-07-11', 116, 487, 'Completed'),
(149, '2024-03-05', 154, 285, 'Scheduled'),
(150, '2023-10-05', 50, 382, 'Completed'),
(151, '2023-11-08', 58, 497, 'Scheduled'),
(152, '2024-06-17', 100, 312, 'Completed'),
(153, '2025-03-25', 122, 430, 'Completed'),
(154, '2024-09-17', 172, 296, 'Completed'),
(155, '2024-04-09', 34, 368, 'Completed'),
(156, '2024-05-13', 96, 356, 'Completed'),
(157, '2024-02-17', 26, 305, 'Completed'),
(158, '2023-06-16', 96, 393, 'Completed'),
(159, '2024-04-09', 164, 332, 'Scheduled'),
(160, '2023-09-12', 86, 338, 'Completed'),
(161, '2025-02-18', 76, 470, 'Completed'),
(162, '2025-04-06', 80, 238, 'Completed'),
(163, '2025-03-20', 184, 245, 'Scheduled'),
(164, '2024-12-14', 108, 363, 'Completed'),
(165, '2025-03-09', 36, 453, 'Completed'),
(166, '2023-10-11', 88, 369, 'Completed'),
(167, '2024-02-17', 48, 485, 'Completed'),
(168, '2023-06-28', 126, 474, 'Completed'),
(169, '2023-10-10', 190, 220, 'Completed'),
(170, '2024-01-09', 122, 439, 'Completed'),
(171, '2023-07-05', 100, 470, 'Completed'),
(172, '2023-09-06', 38, 231, 'Completed'),
(173, '2024-09-27', 100, 304, 'Scheduled'),
(174, '2024-04-25', 26, 370, 'Completed'),
(175, '2024-08-14', 132, 386, 'Scheduled'),
(176, '2024-08-17', 68, 328, 'Completed'),
(177, '2025-02-25', 154, 410, 'Scheduled'),
(178, '2024-09-29', 66, 481, 'Completed'),
(179, '2025-02-05', 132, 453, 'Completed'),
(180, '2025-02-17', 2, 219, 'Scheduled'),
(181, '2024-09-11', 20, 400, 'Scheduled'),
(182, '2024-05-01', 160, 420, 'Completed'),
(183, '2024-01-06', 148, 336, 'Scheduled'),
(184, '2025-04-12', 130, 423, 'Completed'),
(185, '2023-12-08', 90, 203, 'Scheduled'),
(186, '2023-11-24', 92, 436, 'Completed'),
(187, '2023-05-28', 8, 428, 'Completed'),
(188, '2023-09-11', 164, 342, 'Completed'),
(189, '2024-04-17', 94, 209, 'Completed'),
(190, '2024-10-25', 86, 390, 'Completed'),
(191, '2024-04-15', 112, 365, 'Completed'),
(192, '2024-08-04', 44, 339, 'Scheduled'),
(193, '2023-11-01', 178, 476, 'Completed'),
(194, '2024-12-04', 88, 491, 'Completed'),
(195, '2024-09-13', 152, 253, 'Completed'),
(196, '2025-03-14', 126, 375, 'Completed'),
(197, '2024-02-26', 10, 310, 'Completed'),
(198, '2025-01-17', 112, 403, 'Completed'),
(199, '2024-11-03', 110, 336, 'Completed'),
(200, '2024-05-04', 88, 204, 'Completed'),
(201, '2024-10-20', 98, 355, 'Completed'),
(202, '2024-04-30', 94, 372, 'Completed'),
(203, '2023-12-27', 150, 247, 'Completed'),
(204, '2024-10-17', 116, 294, 'Completed'),
(205, '2023-12-15', 54, 248, 'Completed'),
(206, '2024-08-06', 86, 440, 'Completed'),
(207, '2023-12-20', 172, 413, 'Completed'),
(208, '2025-01-08', 122, 339, 'Completed'),
(209, '2023-10-31', 44, 405, 'Completed'),
(210, '2024-06-25', 140, 273, 'Completed'),
(211, '2024-06-11', 194, 204, 'Completed'),
(212, '2024-07-28', 78, 276, 'Completed'),
(213, '2024-08-23', 8, 277, 'Completed'),
(214, '2023-10-11', 28, 456, 'Completed'),
(215, '2025-04-19', 90, 302, 'Completed'),
(216, '2024-03-09', 106, 306, 'Completed'),
(217, '2024-04-28', 142, 239, 'Completed'),
(218, '2025-02-15', 102, 475, 'Completed'),
(219, '2023-11-07', 190, 288, 'Completed'),
(220, '2024-03-03', 52, 411, 'Completed'),
(221, '2023-05-29', 124, 277, 'Completed'),
(222, '2024-10-15', 30, 277, 'Completed'),
(223, '2023-05-11', 144, 228, 'Completed'),
(224, '2024-10-24', 110, 445, 'Completed'),
(225, '2023-07-14', 164, 266, 'Scheduled'),
(226, '2024-12-12', 190, 466, 'Completed'),
(227, '2025-03-12', 118, 405, 'Completed'),
(228, '2024-10-10', 198, 258, 'Completed'),
(229, '2024-05-28', 170, 401, 'Completed'),
(230, '2023-09-03', 136, 425, 'Completed'),
(231, '2024-10-10', 178, 342, 'Completed'),
(232, '2024-06-06', 62, 284, 'Completed'),
(233, '2024-08-27', 60, 343, 'Completed'),
(234, '2024-08-10', 132, 233, 'Scheduled'),
(235, '2023-06-07', 164, 352, 'Completed'),
(236, '2024-03-14', 198, 358, 'Completed'),
(237, '2024-10-08', 178, 341, 'Scheduled'),
(238, '2025-02-19', 136, 451, 'Completed'),
(239, '2024-06-21', 148, 312, 'Completed'),
(240, '2024-02-28', 150, 344, 'Completed'),
(241, '2023-08-05', 106, 409, 'Completed'),
(242, '2025-03-22', 32, 424, 'Scheduled'),
(243, '2025-02-01', 72, 243, 'Scheduled'),
(244, '2025-01-24', 18, 464, 'Completed'),
(245, '2024-12-12', 140, 444, 'Completed'),
(246, '2025-04-11', 110, 203, 'Completed'),
(247, '2023-11-24', 116, 325, 'Completed'),
(248, '2023-06-27', 78, 468, 'Completed'),
(249, '2025-02-13', 170, 284, 'Completed'),
(250, '2023-09-30', 172, 216, 'Completed'),
(251, '2024-01-13', 40, 259, 'Completed'),
(252, '2024-11-27', 164, 377, 'Completed'),
(253, '2024-03-30', 90, 263, 'Completed'),
(254, '2025-03-31', 112, 249, 'Completed'),
(255, '2023-12-13', 140, 446, 'Completed'),
(256, '2023-05-24', 2, 489, 'Completed'),
(257, '2024-10-20', 112, 486, 'Completed'),
(258, '2024-11-08', 122, 215, 'Completed'),
(259, '2023-09-20', 178, 455, 'Completed'),
(260, '2024-04-03', 50, 292, 'Completed'),
(261, '2024-12-01', 130, 479, 'Completed'),
(262, '2024-11-22', 130, 406, 'Completed'),
(263, '2024-03-23', 164, 294, 'Completed'),
(264, '2024-10-16', 104, 425, 'Completed'),
(265, '2024-09-13', 88, 399, 'Completed'),
(266, '2024-12-08', 92, 471, 'Completed'),
(267, '2024-07-31', 40, 434, 'Completed'),
(268, '2024-03-28', 86, 246, 'Completed'),
(269, '2023-06-29', 44, 264, 'Completed'),
(270, '2025-02-28', 60, 430, 'Completed'),
(271, '2025-02-08', 92, 449, 'Completed'),
(272, '2025-05-05', 42, 446, 'Completed'),
(273, '2023-06-11', 116, 275, 'Completed'),
(274, '2024-12-17', 20, 357, 'Completed'),
(275, '2024-12-24', 192, 423, 'Completed'),
(276, '2024-11-11', 82, 390, 'Completed'),
(277, '2024-05-14', 82, 252, 'Completed'),
(278, '2023-07-19', 118, 288, 'Completed'),
(279, '2023-09-29', 20, 266, 'Completed'),
(280, '2025-01-20', 14, 350, 'Completed'),
(281, '2025-04-19', 36, 220, 'Completed'),
(282, '2024-06-14', 106, 233, 'Completed'),
(283, '2024-01-14', 28, 481, 'Completed'),
(284, '2024-08-28', 112, 246, 'Completed'),
(285, '2023-12-22', 56, 273, 'Scheduled'),
(286, '2025-01-08', 58, 333, 'Completed'),
(287, '2023-05-27', 176, 255, 'Completed'),
(288, '2024-01-06', 128, 261, 'Completed'),
(289, '2024-06-27', 174, 208, 'Completed'),
(290, '2024-03-15', 60, 472, 'Completed'),
(291, '2025-02-19', 152, 446, 'Completed'),
(292, '2023-06-17', 106, 376, 'Completed'),
(293, '2024-03-17', 112, 316, 'Completed'),
(294, '2023-12-10', 16, 471, 'Completed'),
(295, '2025-02-21', 116, 393, 'Completed'),
(296, '2023-10-05', 52, 350, 'Completed'),
(297, '2024-06-10', 26, 331, 'Completed'),
(298, '2023-06-20', 60, 302, 'Completed'),
(299, '2023-12-05', 188, 470, 'Completed'),
(300, '2024-04-25', 74, 492, 'Completed'),
(301, '2025-05-02', 8, 410, 'Completed'),
(302, '2024-09-19', 8, 267, 'Completed'),
(303, '2023-11-24', 110, 210, 'Completed'),
(304, '2023-07-30', 112, 249, 'Completed'),
(305, '2024-06-15', 96, 311, 'Completed'),
(306, '2023-05-20', 24, 419, 'Completed'),
(307, '2024-08-03', 124, 257, 'Completed'),
(308, '2024-01-08', 20, 483, 'Completed'),
(309, '2024-12-07', 44, 313, 'Completed'),
(310, '2024-01-10', 124, 333, 'Completed'),
(311, '2024-06-18', 48, 271, 'Completed'),
(312, '2024-11-20', 156, 283, 'Completed'),
(313, '2024-06-30', 154, 257, 'Completed'),
(314, '2024-01-13', 42, 471, 'Completed'),
(315, '2023-08-26', 196, 311, 'Completed'),
(316, '2024-07-16', 128, 276, 'Completed'),
(317, '2024-06-18', 38, 358, 'Completed'),
(318, '2024-12-17', 16, 220, 'Completed'),
(319, '2024-08-17', 88, 331, 'Completed'),
(320, '2024-03-12', 198, 322, 'Completed'),
(321, '2024-09-08', 46, 241, 'Completed'),
(322, '2023-09-25', 40, 367, 'Completed'),
(323, '2025-03-02', 94, 330, 'Completed'),
(324, '2024-05-25', 72, 223, 'Completed'),
(325, '2024-01-19', 158, 479, 'Completed'),
(326, '2024-05-04', 118, 451, 'Completed'),
(327, '2024-02-22', 40, 209, 'Completed'),
(328, '2024-09-23', 86, 213, 'Completed'),
(329, '2024-02-21', 58, 252, 'Completed'),
(330, '2023-05-11', 70, 409, 'Completed'),
(331, '2025-02-13', 124, 238, 'Completed'),
(332, '2023-11-04', 192, 300, 'Completed'),
(333, '2023-06-14', 190, 393, 'Completed'),
(334, '2024-08-11', 136, 391, 'Completed'),
(335, '2025-01-06', 20, 251, 'Completed'),
(336, '2024-05-20', 190, 341, 'Completed'),
(337, '2025-03-29', 84, 368, 'Scheduled'),
(338, '2024-06-06', 96, 309, 'Completed'),
(339, '2024-11-14', 80, 407, 'Completed'),
(340, '2024-08-22', 136, 500, 'Completed'),
(341, '2023-12-08', 198, 310, 'Scheduled'),
(342, '2023-12-01', 56, 396, 'Completed'),
(343, '2025-01-09', 146, 352, 'Completed'),
(344, '2025-01-11', 60, 443, 'Completed'),
(345, '2023-10-05', 26, 328, 'Completed'),
(346, '2023-11-12', 88, 305, 'Completed'),
(347, '2024-09-12', 92, 210, 'Completed'),
(348, '2025-03-02', 32, 348, 'Completed'),
(349, '2024-02-14', 172, 340, 'Completed'),
(350, '2023-11-23', 150, 390, 'Completed'),
(351, '2024-01-28', 164, 294, 'Completed'),
(352, '2024-04-07', 20, 429, 'Completed'),
(353, '2023-11-03', 36, 263, 'Completed'),
(354, '2023-10-28', 104, 225, 'Completed'),
(355, '2024-06-15', 66, 468, 'Completed'),
(356, '2025-02-06', 96, 481, 'Completed'),
(357, '2025-02-25', 124, 211, 'Completed'),
(358, '2023-08-05', 58, 401, 'Completed'),
(359, '2024-10-04', 190, 326, 'Completed'),
(360, '2023-09-15', 96, 390, 'Completed'),
(361, '2024-05-04', 142, 289, 'Completed'),
(362, '2023-10-01', 16, 316, 'Completed'),
(363, '2025-03-18', 90, 377, 'Scheduled'),
(364, '2024-07-22', 100, 214, 'Completed'),
(365, '2023-08-19', 34, 457, 'Completed'),
(366, '2024-12-24', 26, 409, 'Completed'),
(367, '2024-11-23', 170, 481, 'Completed'),
(368, '2024-04-30', 2, 305, 'Completed'),
(369, '2024-01-15', 56, 347, 'Completed'),
(370, '2024-01-15', 54, 479, 'Completed'),
(371, '2023-07-27', 14, 209, 'Completed'),
(372, '2023-06-24', 88, 318, 'Completed'),
(373, '2023-06-18', 50, 294, 'Completed'),
(374, '2025-02-15', 190, 344, 'Completed'),
(375, '2024-09-25', 68, 489, 'Completed'),
(376, '2024-05-14', 168, 214, 'Completed'),
(377, '2023-09-05', 62, 457, 'Completed'),
(378, '2023-12-09', 12, 386, 'Completed'),
(379, '2023-06-26', 114, 407, 'Completed'),
(380, '2024-04-28', 182, 372, 'Completed'),
(381, '2024-11-08', 94, 470, 'Completed'),
(382, '2024-07-11', 148, 421, 'Completed'),
(383, '2024-10-31', 154, 352, 'Completed'),
(384, '2024-06-28', 96, 311, 'Completed'),
(385, '2024-12-31', 98, 383, 'Completed'),
(386, '2024-03-08', 118, 272, 'Completed'),
(387, '2023-10-20', 30, 483, 'Completed'),
(388, '2023-11-04', 40, 274, 'Completed'),
(389, '2024-01-23', 184, 415, 'Completed'),
(390, '2023-10-20', 170, 223, 'Completed'),
(391, '2024-09-24', 146, 268, 'Completed'),
(392, '2023-10-24', 38, 293, 'Completed'),
(393, '2024-12-11', 124, 263, 'Completed'),
(394, '2023-10-09', 66, 424, 'Completed'),
(395, '2024-11-06', 176, 425, 'Completed'),
(396, '2024-11-10', 100, 303, 'Scheduled'),
(397, '2025-05-05', 116, 415, 'Completed'),
(398, '2025-03-03', 50, 392, 'Completed'),
(399, '2024-04-30', 96, 360, 'Completed'),
(400, '2025-01-30', 148, 407, 'Completed'),
(401, '2024-02-21', 20, 469, 'Completed'),
(402, '2024-03-22', 114, 394, 'Completed'),
(403, '2025-04-17', 132, 352, 'Completed'),
(404, '2025-01-26', 192, 437, 'Completed'),
(405, '2025-03-02', 108, 288, 'Completed'),
(406, '2024-11-24', 2, 211, 'Completed'),
(407, '2025-01-15', 54, 387, 'Completed'),
(408, '2025-01-04', 36, 414, 'Completed'),
(409, '2024-02-16', 66, 215, 'Completed'),
(410, '2024-07-20', 142, 466, 'Completed'),
(411, '2024-03-21', 42, 497, 'Completed'),
(412, '2024-07-31', 130, 273, 'Completed'),
(413, '2024-01-07', 124, 252, 'Completed'),
(414, '2023-06-05', 106, 328, 'Completed'),
(415, '2024-10-09', 98, 228, 'Completed'),
(416, '2024-01-02', 146, 265, 'Completed'),
(417, '2023-10-04', 80, 217, 'Completed'),
(418, '2024-08-23', 102, 338, 'Completed'),
(419, '2024-10-30', 82, 429, 'Completed'),
(420, '2024-10-30', 122, 454, 'Completed'),
(421, '2025-04-27', 6, 410, 'Completed'),
(422, '2025-02-20', 148, 494, 'Completed'),
(423, '2023-12-22', 92, 431, 'Completed'),
(424, '2025-03-19', 112, 441, 'Completed'),
(425, '2023-06-18', 58, 270, 'Completed'),
(426, '2024-04-13', 134, 304, 'Completed'),
(427, '2024-10-01', 26, 404, 'Completed'),
(428, '2024-05-26', 134, 253, 'Completed'),
(429, '2024-08-24', 42, 254, 'Completed'),
(430, '2025-04-12', 28, 476, 'Completed'),
(431, '2024-08-20', 12, 231, 'Completed'),
(432, '2024-08-09', 136, 335, 'Completed'),
(433, '2023-07-22', 82, 258, 'Completed'),
(434, '2023-07-21', 58, 305, 'Completed'),
(435, '2024-08-21', 158, 466, 'Completed'),
(436, '2025-03-21', 162, 210, 'Completed'),
(437, '2023-11-28', 108, 453, 'Completed'),
(438, '2024-10-11', 68, 495, 'Completed'),
(439, '2024-12-10', 84, 356, 'Completed'),
(440, '2024-02-25', 120, 358, 'Completed'),
(441, '2023-06-28', 82, 237, 'Completed'),
(442, '2023-06-09', 6, 319, 'Completed'),
(443, '2024-05-13', 104, 267, 'Completed'),
(444, '2024-10-02', 72, 442, 'Completed'),
(445, '2024-02-05', 66, 499, 'Completed'),
(446, '2023-09-05', 162, 413, 'Completed'),
(447, '2024-10-19', 106, 301, 'Completed'),
(448, '2024-01-08', 16, 256, 'Completed'),
(449, '2024-10-20', 26, 439, 'Completed'),
(450, '2024-02-13', 44, 431, 'Completed'),
(451, '2024-08-15', 94, 292, 'Completed'),
(452, '2024-07-09', 40, 479, 'Completed'),
(453, '2023-12-26', 2, 309, 'Completed'),
(454, '2023-09-11', 14, 368, 'Completed'),
(455, '2024-08-10', 20, 500, 'Completed'),
(456, '2023-07-10', 60, 418, 'Completed'),
(457, '2023-12-21', 90, 422, 'Completed'),
(458, '2025-02-11', 12, 361, 'Completed'),
(459, '2023-11-04', 16, 216, 'Completed'),
(460, '2024-03-26', 52, 478, 'Completed'),
(461, '2025-02-04', 168, 257, 'Completed'),
(462, '2023-09-02', 62, 262, 'Completed'),
(463, '2024-02-29', 58, 442, 'Scheduled'),
(464, '2024-11-28', 46, 290, 'Completed'),
(465, '2024-04-28', 12, 272, 'Completed'),
(466, '2023-12-19', 8, 230, 'Completed'),
(467, '2024-09-01', 172, 488, 'Completed'),
(468, '2023-09-11', 12, 286, 'Completed'),
(469, '2023-09-13', 46, 434, 'Completed'),
(470, '2024-09-28', 34, 435, 'Completed'),
(471, '2023-05-12', 98, 465, 'Completed'),
(472, '2024-04-12', 98, 487, 'Completed'),
(473, '2023-07-31', 44, 469, 'Completed'),
(474, '2023-07-01', 38, 386, 'Completed'),
(475, '2024-07-27', 190, 331, 'Completed'),
(476, '2023-11-16', 132, 491, 'Completed'),
(477, '2024-12-30', 160, 477, 'Completed'),
(478, '2024-03-06', 96, 380, 'Completed'),
(479, '2023-07-11', 98, 490, 'Completed'),
(480, '2025-01-03', 158, 363, 'Completed'),
(481, '2025-04-30', 36, 471, 'Scheduled'),
(482, '2024-06-27', 30, 296, 'Completed'),
(483, '2023-10-21', 112, 462, 'Completed'),
(484, '2023-12-19', 146, 488, 'Completed'),
(485, '2023-09-17', 26, 283, 'Completed'),
(486, '2024-10-15', 34, 425, 'Completed'),
(487, '2024-03-29', 130, 423, 'Completed'),
(488, '2023-11-17', 172, 318, 'Completed'),
(489, '2024-10-07', 128, 392, 'Completed'),
(490, '2024-10-09', 168, 279, 'Scheduled'),
(491, '2025-01-11', 198, 278, 'Completed'),
(492, '2024-01-14', 82, 347, 'Completed'),
(493, '2023-12-28', 22, 307, 'Completed'),
(494, '2025-03-21', 172, 471, 'Completed'),
(495, '2024-06-10', 22, 444, 'Completed'),
(496, '2024-01-01', 196, 273, 'Completed'),
(497, '2024-02-13', 126, 226, 'Completed'),
(498, '2023-12-12', 162, 410, 'Completed'),
(499, '2023-11-08', 104, 292, 'Completed'),
(500, '2023-11-14', 110, 325, 'Completed'),
(501, '2025-04-21', 50, 273, 'Completed'),
(502, '2024-09-05', 88, 323, 'Completed'),
(503, '2024-10-12', 142, 384, 'Completed'),
(504, '2024-08-10', 50, 387, 'Scheduled'),
(505, '2023-06-01', 88, 398, 'Completed'),
(506, '2025-01-11', 150, 278, 'Completed'),
(507, '2024-07-12', 190, 386, 'Completed'),
(508, '2024-01-10', 166, 453, 'Completed'),
(509, '2024-04-07', 142, 213, 'Completed'),
(510, '2024-01-11', 18, 499, 'Completed'),
(511, '2024-07-15', 116, 276, 'Completed'),
(512, '2024-11-11', 124, 251, 'Completed'),
(513, '2024-06-25', 132, 475, 'Completed'),
(514, '2024-08-20', 98, 349, 'Completed'),
(515, '2025-05-01', 174, 419, 'Completed'),
(516, '2023-11-17', 14, 322, 'Completed'),
(517, '2024-11-11', 76, 411, 'Completed'),
(518, '2025-05-04', 82, 480, 'Completed'),
(519, '2024-02-08', 192, 226, 'Completed'),
(520, '2023-08-03', 170, 373, 'Completed'),
(521, '2023-12-26', 138, 356, 'Completed'),
(522, '2023-07-02', 128, 438, 'Completed'),
(523, '2025-04-09', 118, 282, 'Completed'),
(524, '2025-05-06', 150, 473, 'Completed'),
(525, '2025-03-11', 98, 268, 'Completed'),
(526, '2025-01-15', 104, 244, 'Completed'),
(527, '2024-07-02', 154, 261, 'Completed'),
(528, '2024-02-24', 42, 323, 'Completed'),
(529, '2023-09-22', 50, 396, 'Completed'),
(530, '2023-09-19', 26, 311, 'Completed'),
(531, '2024-06-15', 28, 458, 'Completed'),
(532, '2024-07-05', 90, 289, 'Completed'),
(533, '2023-05-10', 60, 398, 'Completed'),
(534, '2025-01-18', 16, 482, 'Completed'),
(535, '2024-05-15', 6, 400, 'Completed'),
(536, '2024-05-15', 14, 299, 'Completed'),
(537, '2025-02-27', 6, 227, 'Completed'),
(538, '2023-06-16', 122, 289, 'Completed'),
(539, '2024-01-27', 46, 346, 'Completed'),
(540, '2024-01-28', 170, 382, 'Completed'),
(541, '2023-11-19', 66, 457, 'Completed'),
(542, '2025-04-17', 8, 389, 'Completed'),
(543, '2024-04-17', 62, 440, 'Completed'),
(544, '2023-08-31', 54, 396, 'Completed'),
(545, '2025-03-28', 94, 497, 'Completed'),
(546, '2023-09-14', 128, 365, 'Completed'),
(547, '2024-06-05', 122, 471, 'Completed'),
(548, '2023-07-06', 68, 208, 'Completed'),
(549, '2025-02-23', 90, 238, 'Completed'),
(550, '2023-10-23', 36, 314, 'Completed'),
(551, '2023-12-10', 172, 256, 'Completed'),
(552, '2024-11-11', 34, 338, 'Completed'),
(553, '2025-03-09', 52, 302, 'Scheduled'),
(554, '2025-01-29', 56, 377, 'Completed'),
(555, '2023-12-28', 194, 369, 'Completed'),
(556, '2023-12-10', 166, 486, 'Completed'),
(557, '2024-07-15', 58, 461, 'Completed'),
(558, '2025-01-03', 88, 423, 'Completed'),
(559, '2023-09-20', 100, 399, 'Scheduled'),
(560, '2024-04-14', 90, 411, 'Completed'),
(561, '2023-11-14', 48, 487, 'Completed'),
(562, '2024-08-10', 142, 380, 'Completed'),
(563, '2025-04-26', 116, 450, 'Completed'),
(564, '2024-04-12', 30, 431, 'Completed'),
(565, '2023-12-17', 40, 223, 'Completed'),
(566, '2025-04-05', 16, 248, 'Completed'),
(567, '2024-11-17', 46, 309, 'Completed'),
(568, '2025-02-28', 22, 496, 'Completed'),
(569, '2024-05-09', 194, 206, 'Completed'),
(570, '2024-03-01', 24, 238, 'Completed'),
(571, '2025-01-27', 130, 369, 'Completed'),
(572, '2025-04-29', 78, 483, 'Completed'),
(573, '2023-06-11', 26, 403, 'Completed'),
(574, '2025-01-14', 160, 473, 'Scheduled'),
(575, '2024-12-16', 66, 444, 'Completed'),
(576, '2023-08-13', 46, 247, 'Completed'),
(577, '2024-12-01', 104, 449, 'Completed'),
(578, '2024-08-20', 180, 279, 'Completed'),
(579, '2024-02-22', 46, 310, 'Completed'),
(580, '2024-11-16', 158, 213, 'Completed'),
(581, '2023-05-17', 98, 290, 'Completed'),
(582, '2024-08-11', 160, 480, 'Completed'),
(583, '2023-08-19', 128, 421, 'Scheduled'),
(584, '2024-06-22', 42, 273, 'Completed'),
(585, '2024-03-05', 106, 434, 'Completed'),
(586, '2023-05-16', 54, 460, 'Completed'),
(587, '2024-08-26', 20, 313, 'Completed'),
(588, '2023-10-15', 110, 246, 'Completed'),
(589, '2024-06-29', 158, 474, 'Completed'),
(590, '2024-02-01', 158, 243, 'Completed'),
(591, '2024-01-31', 92, 408, 'Completed'),
(592, '2025-02-03', 58, 303, 'Completed'),
(593, '2023-12-03', 24, 324, 'Completed'),
(594, '2025-01-29', 14, 210, 'Completed'),
(595, '2024-04-27', 190, 387, 'Completed'),
(596, '2023-10-28', 58, 231, 'Completed'),
(597, '2024-09-14', 72, 356, 'Scheduled'),
(598, '2024-07-22', 94, 260, 'Completed'),
(599, '2023-10-07', 178, 449, 'Completed'),
(600, '2025-01-12', 174, 470, 'Scheduled'),
(601, '2025-04-08', 34, 417, 'Completed'),
(602, '2024-01-19', 60, 202, 'Completed'),
(603, '2024-08-27', 90, 224, 'Completed'),
(604, '2024-04-17', 94, 406, 'Completed'),
(605, '2023-12-08', 34, 399, 'Completed'),
(606, '2023-10-04', 116, 314, 'Completed'),
(607, '2023-06-17', 56, 480, 'Completed'),
(608, '2024-07-10', 56, 355, 'Completed'),
(609, '2024-07-01', 140, 365, 'Completed'),
(610, '2024-04-08', 14, 422, 'Completed'),
(611, '2024-02-17', 10, 291, 'Completed'),
(612, '2024-11-17', 20, 367, 'Completed'),
(613, '2025-04-06', 176, 407, 'Scheduled'),
(614, '2025-03-22', 126, 482, 'Completed'),
(615, '2024-05-21', 144, 265, 'Scheduled'),
(616, '2023-08-25', 194, 204, 'Completed'),
(617, '2025-03-09', 168, 357, 'Completed'),
(618, '2024-06-11', 24, 449, 'Scheduled'),
(619, '2023-06-25', 8, 457, 'Completed'),
(620, '2024-11-25', 156, 435, 'Completed'),
(621, '2024-07-24', 164, 274, 'Completed'),
(622, '2024-02-09', 90, 387, 'Completed'),
(623, '2023-10-18', 126, 262, 'Completed'),
(624, '2024-04-04', 60, 364, 'Completed'),
(625, '2025-04-12', 152, 256, 'Completed'),
(626, '2025-01-02', 108, 311, 'Completed'),
(627, '2023-10-21', 82, 418, 'Completed'),
(628, '2024-10-30', 118, 440, 'Completed'),
(629, '2023-05-23', 64, 221, 'Completed'),
(630, '2024-01-10', 54, 341, 'Completed'),
(631, '2023-12-02', 156, 465, 'Completed'),
(632, '2024-05-17', 34, 339, 'Completed'),
(633, '2023-07-20', 60, 270, 'Completed'),
(634, '2025-01-27', 108, 318, 'Completed'),
(635, '2023-10-28', 14, 398, 'Completed'),
(636, '2024-08-01', 70, 405, 'Completed'),
(637, '2023-06-09', 96, 414, 'Completed'),
(638, '2023-08-19', 16, 256, 'Completed'),
(639, '2024-08-24', 14, 487, 'Completed'),
(640, '2023-11-11', 142, 493, 'Completed'),
(641, '2023-09-04', 58, 375, 'Completed'),
(642, '2024-06-11', 142, 328, 'Completed'),
(643, '2024-08-04', 58, 492, 'Completed'),
(644, '2024-07-30', 70, 488, 'Completed'),
(645, '2023-05-18', 36, 426, 'Completed'),
(646, '2024-06-14', 88, 264, 'Completed'),
(647, '2023-05-11', 142, 248, 'Completed'),
(648, '2023-11-02', 46, 402, 'Completed'),
(649, '2025-04-12', 112, 260, 'Scheduled'),
(650, '2023-06-06', 188, 457, 'Completed'),
(651, '2023-06-26', 182, 265, 'Completed'),
(652, '2024-11-22', 38, 439, 'Completed'),
(653, '2024-11-20', 26, 489, 'Completed'),
(654, '2024-09-21', 158, 238, 'Completed'),
(655, '2023-09-07', 32, 225, 'Completed'),
(656, '2023-11-27', 198, 259, 'Completed'),
(657, '2023-07-31', 78, 497, 'Completed'),
(658, '2023-11-30', 32, 358, 'Completed'),
(659, '2023-08-02', 106, 257, 'Completed'),
(660, '2023-06-19', 42, 248, 'Completed'),
(661, '2024-12-25', 62, 256, 'Completed'),
(662, '2024-08-11', 60, 265, 'Completed'),
(663, '2023-07-04', 34, 468, 'Completed'),
(664, '2025-04-20', 164, 269, 'Completed'),
(665, '2025-01-09', 46, 416, 'Completed'),
(666, '2024-12-14', 72, 289, 'Completed'),
(667, '2023-11-04', 32, 481, 'Completed'),
(668, '2023-07-10', 114, 457, 'Completed'),
(669, '2024-03-11', 142, 360, 'Completed'),
(670, '2024-05-04', 122, 434, 'Completed'),
(671, '2023-10-26', 24, 331, 'Completed'),
(672, '2023-06-30', 56, 249, 'Completed'),
(673, '2024-10-04', 120, 347, 'Completed'),
(674, '2024-03-09', 146, 202, 'Completed'),
(675, '2024-02-15', 26, 345, 'Completed'),
(676, '2024-11-03', 58, 261, 'Completed'),
(677, '2024-12-08', 80, 473, 'Completed'),
(678, '2023-11-17', 158, 249, 'Completed'),
(679, '2023-07-25', 164, 331, 'Completed'),
(680, '2024-08-01', 92, 243, 'Completed'),
(681, '2023-07-14', 140, 257, 'Completed'),
(682, '2024-02-06', 140, 250, 'Scheduled'),
(683, '2023-09-15', 30, 378, 'Completed'),
(684, '2023-05-13', 66, 493, 'Completed'),
(685, '2024-04-07', 134, 246, 'Completed'),
(686, '2023-06-13', 118, 370, 'Completed'),
(687, '2023-12-03', 88, 471, 'Completed'),
(688, '2025-03-16', 142, 339, 'Completed'),
(689, '2024-09-23', 166, 447, 'Completed'),
(690, '2024-11-01', 120, 348, 'Scheduled'),
(691, '2024-12-26', 78, 430, 'Completed'),
(692, '2023-08-14', 188, 480, 'Completed'),
(693, '2024-03-01', 6, 325, 'Completed'),
(694, '2023-12-27', 148, 392, 'Completed'),
(695, '2024-06-19', 86, 280, 'Completed'),
(696, '2023-08-30', 6, 294, 'Completed'),
(697, '2024-04-30', 16, 426, 'Completed'),
(698, '2024-12-26', 14, 265, 'Completed'),
(699, '2023-07-25', 156, 288, 'Completed'),
(700, '2024-04-06', 198, 500, 'Scheduled');

INSERT INTO Complaints (CustomerID, EmployeeID, OrderID, ComplaintText, ResolveText, Status, CreatedAt) VALUES
(241, 124, 1, 'The Digital Frame stopped working after just a few uses.', 'We have processed a full refund or replacement. Thank you for your patience.', 'Resolved', '2025-04-30 10:00:00'),
(262, 38, 623, 'The Nano Drone had poor battery life and inconsistent performance.', NULL, 'Open', '2025-04-30 10:00:00'),
(367, 136, 612, 'The Cereal Box was expired or stale upon delivery.', NULL, 'Open', '2025-04-30 10:00:00'),
(415, 168, 2, 'The Leather Belt didn''t fit as expected and felt low-quality.', 'We are investigating the matter and will update you shortly.', 'In Progress', '2025-04-30 10:00:00'),
(256, 118, 3, 'The Grape Jelly had an unusual taste.', NULL, 'Open', '2025-04-30 10:00:00'),
(425, 18, 486, 'The Button-down Shirt didn''t fit as expected and felt low-quality.', NULL, 'Open', '2024-04-28 10:00:00'),
(436, 34, 4, 'The material of the Sport Tank is uncomfortable.', 'We are investigating the matter and will update you shortly.', 'In Progress', '2025-04-30 10:00:00'),
(305, 30, 434, 'The Kids Bunk Bed arrived scratched and poorly assembled.', 'We have processed a full refund or replacement. Thank you for your patience.', 'Resolved', '2023-09-14 10:00:00'),
(475, 36, 218, 'The Voice Recorder stopped working after just a few uses.', NULL, 'Open', '2025-01-28 10:00:00'),
(268, 6, 118, 'The material of the Sport Tank is uncomfortable.', 'We have processed a full refund or replacement. Thank you for your patience.', 'Resolved', '2025-04-30 10:00:00'),
(481, 140, 5, 'The TouchScreen Panel stopped working after just a few uses.', 'We have processed a full refund or replacement. Thank you for your patience.', 'Resolved', '2025-04-30 10:00:00'),
(358, 88, 317, 'The Bluetooth Tracker overheats during normal use.', NULL, 'Open', '2024-07-17 10:00:00'),
(301, 112, 32, 'The Flashlight Pro overheats during normal use.', NULL, 'Open', '2025-04-30 10:00:00'),
(322, 186, 320, 'The Ice Cream Pint was expired or stale upon delivery.', NULL, 'Open', '2024-06-29 10:00:00'),
(382, 38, 51, 'The Protein Shake was expired or stale upon delivery.', 'We are investigating the matter and will update you shortly.', 'In Progress', '2025-04-30 10:00:00'),
(350, 56, 280, 'The Photo Scanner had poor battery life and inconsistent performance.', 'We have processed a full refund or replacement. Thank you for your patience.', 'Resolved', '2024-11-29 10:00:00'),
(292, 78, 499, 'The Whole Wheat Bread was expired or stale upon delivery.', 'We are investigating the matter and will update you shortly.', 'In Progress', '2025-04-25 10:00:00'),
(305, 54, 6, 'The Floating Desk is unstable and unsafe.', NULL, 'Open', '2025-04-30 10:00:00'),
(499, 192, 510, 'The Dining Chair didn''t match the product description.', 'We are investigating the matter and will update you shortly.', 'Resolved', '2025-04-30 10:00:00'),
(377, 94, 363, 'The Thermal Socks shrank after the first wash.', NULL, 'Open', '2023-10-10 10:00:00'),
(241, 148, 321, 'The packaging for the Rice Cakes was damaged and leaked.', 'We are investigating the matter and will update you shortly.', 'In Progress', '2024-09-22 10:00:00'),
(328, 148, 176, 'The packaging for the Frozen Carrots was damaged and leaked.', 'We have processed a full refund or replacement. Thank you for your patience.', 'Resolved', '2025-04-30 10:00:00'),
(216, 68, 250, 'The Light Panel stopped working after just a few uses.', 'We are investigating the matter and will update you shortly.', 'In Progress', '2024-03-11 10:00:00'),
(362, 136, 7, 'The Canned Corn was expired or stale upon delivery.', NULL, 'Open', '2025-04-30 10:00:00'),
(401, 90, 358, 'The Coffee Bench didn''t match the product description.', 'We have processed a full refund or replacement. Thank you for your patience.', 'Resolved', '2025-04-10 10:00:00'),
(357, 40, 617, 'The Desk Hutch arrived scratched and poorly assembled.', 'We have processed a full refund or replacement. Thank you for your patience.', 'Resolved', '2025-04-30 10:00:00'),
(210, 8, 594, 'The material of the Canvas Cap is uncomfortable.', 'We are investigating the matter and will update you shortly.', 'In Progress', '2025-04-30 10:00:00'),
(309, 162, 453, 'The material of the Slim Jeans is uncomfortable.', NULL, 'Open', '2025-04-16 10:00:00'),
(442, 10, 463, 'The Glass End Table arrived scratched and poorly assembled.', NULL, 'Open', '2023-12-14 10:00:00'),
(391, 122, 8, 'The Flex Charger stopped working after just a few uses.', 'We are investigating the matter and will update you shortly.', 'In Progress', '2025-04-30 10:00:00'),
(209, 122, 9, 'The Leather Recliner arrived scratched and poorly assembled.', 'We are investigating the matter and will update you shortly.', 'In Progress', '2025-04-30 10:00:00'),
(260, 166, 10, 'The material of the Button-down Shirt is uncomfortable.', NULL, 'Open', '2025-04-30 10:00:00'),
(421, 74, 382, 'The Photo Scanner overheats during normal use.', NULL, 'Open', '2024-11-10 10:00:00'),
(425, 84, 11, 'The material of the Running Shorts is uncomfortable.', NULL, 'Open', '2025-04-30 10:00:00'),
(388, 176, 12, 'The packaging for the Ice Cream Pint was damaged and leaked.', 'We have processed a full refund or replacement. Thank you for your patience.', 'Resolved', '2025-04-30 10:00:00'),
(270, 168, 13, 'The Thermal Printer overheats during normal use.', 'We are investigating the matter and will update you shortly.', 'In Progress', '2025-04-30 10:00:00'),
(368, 34, 337, 'The material of the Cargo Pants is uncomfortable.', 'We are investigating the matter and will update you shortly.', 'In Progress', '2024-03-03 10:00:00'),
(358, 48, 317, 'The Floating Desk is unstable and unsafe.', 'We have processed a full refund or replacement. Thank you for your patience.', 'Resolved', '2024-07-17 10:00:00'),
(493, 76, 14, 'The material of the Swim Trunks is uncomfortable.', 'We have processed a full refund or replacement. Thank you for your patience.', 'Resolved', '2025-04-30 10:00:00'),
(270, 34, 633, 'The Corner Desk didn''t match the product description.', 'We are investigating the matter and will update you shortly.', 'In Progress', '2025-04-30 10:00:00'),
(487, 94, 15, 'The Cereal Box had an unusual taste.', 'We are investigating the matter and will update you shortly.', 'In Progress', '2025-04-30 10:00:00'),
(471, 50, 481, 'The Metal Bed Frame arrived scratched and poorly assembled.', NULL, 'Open', '2025-01-30 10:00:00'),
(369, 132, 16, 'The TouchScreen Panel overheats during normal use.', 'We are investigating the matter and will update you shortly.', 'In Progress', '2025-04-30 10:00:00'),
(262, 124, 17, 'The SmartPlug overheats during normal use.', 'We have processed a full refund or replacement. Thank you for your patience.', 'Resolved', '2025-04-30 10:00:00'),
(350, 180, 280, 'The Track Jacket shrank after the first wash.', 'We are investigating the matter and will update you shortly.', 'In Progress', '2024-11-29 10:00:00'),
(262, 86, 462, 'The material of the Lounge Pants is uncomfortable.', 'We have processed a full refund or replacement. Thank you for your patience.', 'Resolved', '2023-12-20 10:00:00'),
(465, 96, 84, 'The Winter Hat shrank after the first wash.', NULL, 'Open', '2025-04-30 10:00:00'),
(214, 74, 18, 'The Nano Drone stopped working after just a few uses.', 'We have processed a full refund or replacement. Thank you for your patience.', 'Resolved', '2025-04-30 10:00:00'),
(254, 6, 82, 'The Mesh Shorts didn''t fit as expected and felt low-quality.', NULL, 'Open', '2025-04-30 10:00:00'),
(464, 196, 244, 'The Mustard Jar was expired or stale upon delivery.', NULL, 'Open', '2024-09-28 10:00:00'),
(251, 46, 512, 'The Trench Coat shrank after the first wash.', 'We are investigating the matter and will update you shortly.', 'In Progress', '2025-04-30 10:00:00'),
(364, 2, 19, 'The Silk Scarf didn''t fit as expected and felt low-quality.', 'We are investigating the matter and will update you shortly.', 'In Progress', '2025-04-30 10:00:00'),
(346, 140, 539, 'The packaging for the Soy Milk was damaged and leaked.', 'We are investigating the matter and will update you shortly.', 'In Progress', '2025-04-30 10:00:00'),
(445, 100, 20, 'The Fleece Pullover shrank after the first wash.', 'We have processed a full refund or replacement. Thank you for your patience.', 'Resolved', '2025-04-30 10:00:00'),
(488, 136, 644, 'The AeroFan stopped working after just a few uses.', NULL, 'Open', '2025-04-30 10:00:00'),
(257, 46, 659, 'The Cotton Hoodie shrank after the first wash.', 'We have processed a full refund or replacement. Thank you for your patience.', 'Resolved', '2025-04-30 10:00:00'),
(208, 88, 21, 'The TV Cabinet arrived scratched and poorly assembled.', NULL, 'Open', '2025-04-30 10:00:00'),
(354, 16, 22, 'The Peacoat didn''t fit as expected and felt low-quality.', NULL, 'Open', '2025-04-30 10:00:00'),
(468, 50, 663, 'The Adjustable Stool didn''t match the product description.', NULL, 'Open', '2025-04-30 10:00:00'),
(256, 78, 448, 'The SmartPlug had poor battery life and inconsistent performance.', 'We have processed a full refund or replacement. Thank you for your patience.', 'Resolved', '2024-10-22 10:00:00'),
(499, 96, 510, 'The Dining Chair is unstable and unsafe.', 'We have processed a full refund or replacement. Thank you for your patience.', 'Resolved', '2025-04-30 10:00:00'),
(236, 156, 23, 'The Tortilla Chips was expired or stale upon delivery.', 'We have processed a full refund or replacement. Thank you for your patience.', 'Resolved', '2025-04-30 10:00:00'),
(471, 196, 314, 'The Smart Mirror stopped working after just a few uses.', 'We are investigating the matter and will update you shortly.', 'In Progress', '2023-12-06 10:00:00'),
(316, 158, 362, 'The HoloLens stopped working after just a few uses.', 'We have processed a full refund or replacement. Thank you for your patience.', 'Resolved', '2025-05-01 10:00:00'),
(294, 10, 696, 'The Granola Bars was expired or stale upon delivery.', NULL, 'Open', '2025-04-30 10:00:00');




